topics;bereich;tags
2023 geht zu Ende, ein weiteres Jahr der Kriege und Krisen. Russlands Krieg gegen die Ukraine dauert unvermindert an. Mit dem brutalen Terrorangriff der Hamas auf Israel hat eine neue Phase des Nahostkonflikts begonnen. Weltweit treten Antisemitismus und Rassismus noch offener zutage, auch in Deutschland. In Dubai wird dieser Tage bei der Klimakonferenz um die Zukunft des Planeten gerungen, in Berlin um die Zukunft des Bundeshaushalts. Deutschland befindet sich in der „Polykrise“, sagt Vizekanzler Robert Habeck. Aber das Vertrauen vieler Bürgerinnen und Bürger in die Problemlösungskompetenz der Bundesregierung ist erschöpft. Wie verändert diese Situation die Gesellschaft? Welche Rolle kann Deutschland bei der Bewältigung der weltweiten Krisen spielen? Was kann für 2024 Zuversicht machen?;;russland,ukraine,nahost,klima
Auch für 2023 will die Ampel die Schuldenbremse aussetzen. So soll der Haushalt 2023 nachträglich eine rechtlich saubere Grundlage erhalten. Wird die Bundesregierung mit diesem Vorhaben durchkommen? Eine Einigung für den Haushalt des kommenden Jahres ist noch gar nicht in Sicht. Ob bis Jahresende darüber Klarheit herrscht, das ist ungewiss. Kritik kommt von der Opposition. Muss bei sozialpolitischen Projekten wie der Kindergrundsicherung und beim Bürgergeld gekürzt werden, wie CDU-Chef Merz fordert? Soll die Schuldenbremse jetzt grundlegend reformiert oder ausgesetzt werden? Stehen die Milliardenförderungen etwa für Chip-Werke auf der Kippe? Schadet die Ampel mit ihrer Haushaltspolitik den Unternehmen sowie den Bürgerinnen und Bürgern in Deutschland?;;schuldenbremse,haushalt,russland,ukraine,haushalt
Nach der monatelangen Diskussion um das Heizungsgesetz folgt der nächste Ampelstreit: Um Kinderarmut zu bekämpfen, soll von 2025 an eine Kindergrundsicherung eingeführt werden. Und auch bei diesem Projekt ist keine schnelle Einigung in Sicht. Diesmal: grünes Familienministerium gegen FDP-geführtes Finanzministerium. Beide sind sich über die Kosten nicht einig. Christian Lindner hat dafür zwei Milliarden Euro jährlich vorgemerkt. Familienministerin Lisa Paus veranschlagt hingegen mehr. Uneinigkeit auch darüber, ob als Gegenfinanzierung das Elterngeld für einkommensstarke Eltern abgeschafft werden soll. Wäre diese Abschaffung eine gerechte Maßnahme oder ein falsches Signal für die Gleichstellung? Kann die geplante Kindergrundsicherung die Kinderarmut in Deutschland verringern? Wie sieht eine gerechte Sozial- und Familienpolitik aus?;;haushalt,kindergrundsicherung
Russland nach dem Aufstand der Wagner-Söldner: Jewgeni Prigoschin – der Chef der Gruppe – ist mittlerweile im Exil in Belarus, heißt es. Russlands Präsident Putin gibt sich volksnah, geht zugleich aber hart gegen mögliche Unterstützer Prigoschins vor. Doch wie tief sind die Risse in Wladimir Putins Herrschaftssystem? Geht von einem geschwächten Präsidenten eine noch größere Gefahr aus? Muss sich die Nato darauf einstellen? Und: Was bedeuten die Ereignisse in Russland für den Krieg gegen die Ukraine? Sollten die Verbündeten in dieser Situation ihre militärische Unterstützung noch ausweiten? Sollte die Ukraine jetzt die konkrete Aussicht auf einen Nato-Beitritt bekommen?;;russland,ukraine
Jewgeni Prigoschin, Chef der Wagner-Gruppe, stellt sich gegen Wladimir Putin. Lange waren sie Verbündete, jetzt lässt Prigoschin seine Truppen Richtung Moskau marschieren. Derzeit ist offen, wie die Konfrontation ausgeht. Wie gefährlich ist dieser Angriff für die Macht des russischen Präsidenten? Was sagt der Wagner-Vorstoß über die Stärke der russischen Armee aus? Welche Folgen hat die Auseinandersetzung zwischen Prigoschin und dem Kreml für den Fortgang des Krieges gegen die Ukraine? Eröffnet sie der Ukraine neue Möglichkeiten für ihre Gegenoffensive? Wie sollten die Verbündeten der Ukraine jetzt reagieren?;;russland,ukraine
In letzter Sekunde hat sich die Ampel jetzt geeinigt – auf „Leitplanken“ für das neue Heizungsgesetz. So kann dieses vielleicht noch vor der Sommerpause vom Bundestag verabschiedet werden. Der Streit um die Wärmewende – nicht der einzige Krach innerhalb der Ampel. Dabei sind SPD, Grüne und FDP vor anderthalb Jahren noch optimistisch als „Fortschrittskoalition“ gestartet. Was ist von der anfänglichen Aufbruchsstimmung geblieben? Wie viel Gestaltungsmöglichkeiten hat eine Regierung, die sich bei vielen Vorhaben uneins ist? Haben die Grünen, hat insbesondere Robert Habeck die Bereitschaft der Gesellschaft für den Klimaschutz überschätzt? Und: Wie kann Klimapolitik erfolgreich gemacht werden, mit mehr Staat oder mehr Markt?;;heizung,haushalt
Nach jahrelangem Ringen: Die EU-Innenministerinnen und -minister haben sich auf eine Reform des Asylsystems geeinigt. Verfahren sollen verschärft werden. Menschen, die aus Ländern mit geringer Anerkennungsquote kommen, sollen in Einrichtungen an den Außengrenzen festgesetzt werden. Dort wird über ihren Anspruch auf Asyl dann im Schnellverfahren entschieden. Im vergangenen Jahr haben so viele Menschen in Europa einen Asylerstantrag gestellt wie seit 2016 nicht mehr: gut 880.000. Und im ersten Quartal 2023 waren es bereits mehr als 250.000. Sind die EU-Pläne sinnvoll, um irreguläre Migration einzudämmen? Oder schottet sich Europa dadurch zu sehr ab? Wird die Flüchtlingspolitik zur Zerreißprobe für die Grünen?;;migration,asyl,eu
Die Klimapolitik der Bundesregierung verunsichert die Bevölkerung. Laut aktuellem ARD-DeutschlandTrend von infratest dimap sorgen sich mehr als zwei Drittel der Menschen in Deutschland, dass sie die geplante Heizwende finanziell überfordern werde. Knapp drei Viertel fühlen sich über die Pläne zum klimaschonenden Heizen nicht ausreichend informiert. Womöglich auch deshalb war die Unzufriedenheit mit der Arbeit der Ampel noch nie so hoch. Riskiert die Regierung mit ihrer Politik und ihrer Kommunikation die Bereitschaft der Bevölkerung zum Klimaschutz – auch, weil Teile der Gesellschaft mittlerweile „veränderungserschöpft“ seien, wie der Soziologe Steffen Mau sagt? Kommt die soziale Abfederung bei der Klimapolitik zu kurz? Verlieren die Bürgerinnen und Bürger das Vertrauen in die Koalition?;;heizung
Die Bundesregierung steht in der Kritik. Seit Wochen wird über die „Trauzeugen-Affäre“ von Patrick Graichen, Staatssekretär im Wirtschaftsministerium, gestritten. Sollte Robert Habeck ihn aus dem Amt entlassen? Oder handelt es sich bei dem Konflikt in Wahrheit um eine Kampagne gegen die geplante Wärmewende, wie die Grünen behaupten? Auch die Debatte um die Geflüchtetenpolitik geht nach dem Bund-Länder-Gipfel weiter. Braucht Deutschland eine neue Asylpolitik? Wird der Ausgang der Türkei-Wahlen am Geflüchteten-Abkommen mit der EU etwas ändern? Mit der Arbeit der Ampel sind derzeit laut DeutschlandTrend mehr als zwei Drittel der Deutschen unzufrieden. Spiegelt sich dies auch bei der Wahl in Bremen am Sonntag wider?;;trauzeugen,migration,asyl,tuerkei,bremen
Russland beschießt die Ukraine weiterhin massiv mit Raketen, greift Städte und Zivilbevölkerung an. Zugleich kann die erwartete Gegenoffensive der ukrainischen Truppen jeden Tag beginnen. Präsident Selenskyj besucht verbündete europäische Staaten, wirbt um weitere Unterstützung. Laut Berichten ist für kommende Woche auch ein Besuch in Berlin geplant, erstmals seit Beginn des russischen Angriffs im Februar vergangenen Jahres. Welche Unterstützung benötigt die Ukraine, um die russischen Truppen zurückdrängen zu können? Was, wenn die erwartete Frühjahrsoffensive der Ukraine scheitert? Und: Sollte die Ukraine nach dem Krieg schnell in die Nato aufgenommen werden?;;russland,ukraine
Ein überraschender Milliarden-Deal, während Deutschland kontrovers über die „Heizwende“ debattiert: Das hessische Familienunternehmen Viessmann verkauft seine Klimasparte inklusive des Wärmepumpen-Geschäfts an einen US-Konzern. Ist das eine gute Nachricht für den Standort Deutschland? Besteht die Gefahr, nach der Solarindustrie eine weitere Zukunftsbranche zu verlieren? Können Investitionen in den Klimaschutz für ein neues Wirtschaftswunder sorgen? Deutschland hat sich zum Erreichen der Klimaziele gesetzlich verpflichtet. Können wir uns bei konsequentem Klimaschutz noch Zeit lassen? Braucht es für das Erreichen mehr Verbote und Regulierungen?;;heizung,solar,klima
Heizen in Deutschland soll klimafreundlich werden. Aber wie? Die Bundesregierung hat sich jetzt geeinigt: Von kommendem Januar an sollen möglichst alle neu eingebauten Heizungen zu mindestens 65 Prozent mit erneuerbaren Energien laufen. Über Ausnahmen, Übergangsregelungen und Förderungsmöglichkeiten wurde bis zuletzt gerungen. Und das Ringen geht weiter. Reichen Fachpersonal und Material, um die Pläne der Bundesregierung in den kommenden Jahren umzusetzen? Ist das Förderkonzept zum Einbau klimafreundlicher Heizungen ausreichend? Gleichzeitig verschärft sich die Wohnungskrise in Deutschland: Führt die Wärmewende dazu, dass Wohnen teurer wird und sich der Traum vom Eigenheim für viele nicht erfüllen kann?;;klima,heizung
Es ist ein Urteil, das der Ampel-Koalition große Probleme bereiten dürfte. Das Bundesverfassungsgericht hat den zweiten Nachtragshaushalt für das Jahr 2021 für verfassungswidrig und damit „nichtig“ erklärt. Unerwartet fehlen damit der Regierung fest eingeplante 60 Milliarden Euro. Diese waren für viele Klimaschutzmaßnahmen und den klimaneutralen Umbau der Industrie vorgesehen, zum Beispiel für die Förderung von Elektromobilität. Wo sollen die fehlenden Milliarden künftig herkommen? Muss mehr gespart werden? Werden die Steuern erhöht oder sollte die Schuldenbremse gelockert oder gar aufgehoben werden? Darüber herrscht Uneinigkeit innerhalb der Ampel. Wird das Regierungsbündnis diese neuen Herausforderungen überstehen?;;haushalt,schuldenbremse
Am Samstag werden die letzten drei Atomkraftwerke endgültig vom Netz genommen. Nach rund sechs Jahrzehnten ist Schluss mit der Nutzung der Kernenergie in Deutschland. Ein Tag der Freude für Grüne und Anti-AKW-Bewegung. Kritik am jetzigen Ausstieg kommt dagegen aus der Wirtschaft und von der Union. Auch die FDP plädiert dafür, nicht sofort mit dem Rückbau der letzten AKW zu beginnen, sondern sie als Reserve zu behalten. Kann die Energiewende gelingen, wenn Deutschland zeitgleich aus Atom und Kohle aussteigen möchte? Geht Deutschland damit einen Sonderweg und gefährdet seine Energiesicherheit? Ist die deutsche Energiepolitik glaubwürdig und durchdacht?;;atomkraft,energie,klima
Der Weltklimarat wird deutlich: Um das angestrebte Ziel einer begrenzten Erderwärmung von maximal 1,5 Grad zu erreichen, sei weltweit eine wirklich drastische Reduzierung des CO2-Ausstoßes noch in diesem Jahrzehnt nötig. Welche klimapolitischen Maßnahmen in Deutschland konkret eingeführt werden sollen – darüber gibt es Streit in der Bundesregierung. Vizekanzler Robert Habeck von den Grünen hat den Ampel-Partnern Verhinderung von Fortschritt vorgeworfen. Ist diese Kritik berechtigt? Ist das für kommenden Januar angedachte Verbot des Einbaus von herkömmlichen Öl- und Gasheizungen sinnvoll, ist es umsetzbar? Hat Deutschland in der Debatte um das Verbrenner-Aus Glaubwürdigkeit in Europa verloren?;;klima,heizung,verbrenner-aus,eu
Spätestens seit dem erneuten Angriff Russlands auf die Ukraine ist klar: Die Zeit des Friedens in Europa ist vorbei. Ist Deutschland für diese neue Phase gerüstet? Verteidigungsminister Boris Pistorius warnt, die deutschen Streitkräfte seien im Falle eines Angriffskrieges nicht verteidigungsfähig. In dieser Woche hat die Wehrbeauftragte Eva Högl noch zusätzlich Alarm geschlagen: „Die Bundeswehr hat von allem zu wenig. Und sie hat seit dem 24. Februar 2022 noch weniger.“ Wird ihr Weckruf Konsequenzen haben? Ist die Forderung „Frieden schaffen ohne Waffen“ endgültig überholt? Wie wird sich Deutschland in dieser Zeitenwende verändern?;;russland,ukraine,bundeswehr
Deutschland muss bis 2045 klimaneutral sein. Deswegen will Wirtschaftsminister Robert Habeck den Einbau von neuen Gas- und Ölheizungen vom kommenden Jahr an praktisch verbieten. Das stößt auf Kritik – auch innerhalb der Ampelkoalition. Die FDP stellt sich dagegen. Auch beim Thema Verkehr: Minister Volker Wissing hat angekündigt, das für 2035 auf europäischer Ebene geplante Aus für Verbrenner-Motoren zu blockieren – wenn es keine Ausnahmen für sogenannte E-Fuels gibt, synthetische Kraftstoffe, die klimafreundlich sein sollen. Können die Klimaziele ohne Verbote erreicht werden? Muss der Verbrenner-Motor erhalten bleiben? Überfordert der Plan, schnell auf Heizen mit Öl und Gas zu verzichten, die Bevölkerung?;;klima,heizung,verbrenner-aus,eu
Ein Ende von Russlands Krieg gegen die Ukraine ist nicht absehbar. Wie kann Frieden erreicht werden? Mehr Waffen, mehr Verhandlungsbereitschaft oder hilft nur beides? Bundeskanzler Olaf Scholz hat Kiew weitere Unterstützung zugesagt, in seiner Regierungserklärung sagte er: „Mit der Waffe an der Schläfe lässt sich nicht verhandeln – außer über die eigene Unterwerfung.“ Die Deutschen finden mehrheitlich, dass die Waffenlieferungen an die Ukraine angemessen seien. Gleichzeitig sagt eine Mehrheit, die diplomatischen Bemühungen Deutschlands zur Beendigung des Krieges gingen nicht weit genug. Kann man mit Putin verhandeln? Wer könnte einen Frieden vermitteln? Und worüber könnte überhaupt verhandelt werden?;;ukraine,russland
Berlin wählt am Sonntag sein Landesparlament. Schon wieder – denn die Wahl vor knapp anderthalb Jahren wurde wegen schwerwiegender Pannen für ungültig erklärt. Bekommt die rot-grün-rote Koalition für das damalige Chaos und die Politik in der Hauptstadt die Quittung? Bleibt Franziska Giffey Regierende Bürgermeisterin oder zieht jemand anderes ins Rote Rathaus ein? Gut zwei Drittel der Berlinerinnen und Berliner sind nicht zufrieden damit, wie sie regiert werden. Ähnlich groß ist der Anteil der mit der Bundesregierung unzufriedenen Deutschen. Woran liegt das? Kann die Union, die größte Opposition im Bund, davon profitieren? Und was bedeuten so geringe Zufriedenheitswerte für das Vertrauen in die parlamentarische Demokratie?;;berlin
Jahrzehntelang stand das Auto im Mittelpunkt der deutschen Verkehrspolitik. „Freie Fahrt für freie Bürger“, lautete das Motto. Und so gibt es in Deutschland – anders als in fast allen Staaten weltweit – auf Autobahnen kein generelles Tempolimit. Soll das so bleiben? In der Ampel-Regierung streiten derzeit FDP und Grüne darüber, ob der Ausbau von Autobahnen vereinfacht und beschleunigt werden muss. Oder sollten Projekte wie die Verbesserung des Schienennetzes bevorzugt behandelt werden? Im Mai soll das 49-Euro-Ticket für den Nah- und Regionalverkehr starten. Ist das Anreiz genug, um auf Bus und Bahn umzusteigen?;;tempolimit,deutschlandticket
Seit dieser Woche steht fest: Deutschland will der Ukraine Leopard-2-Panzer zur Verfügung stellen. Zudem wird die Bundesregierung anderen Verbündeten genehmigen, ebenfalls diesen Panzertyp zu liefern. Der Verteidigungsminister bezeichnet die Entscheidung als „historisch“. Wie wird der Einsatz der Kampfpanzer den Kriegsverlauf beeinflussen? Birgt die Lieferung auch eine Gefahr für die Verbündeten? Die Ukraine fordert bereits weitere Waffen, u.a. Kampfflugzeuge. Wo verlaufen bei der militärischen Unterstützung jetzt die „roten Linien“? Und: Hat Bundeskanzler Olaf Scholz in den vergangenen Wochen international Vertrauen verspielt oder – im Gegenteil – diplomatisches Geschick bewiesen?;;ukraine
Das Treffen der Ukraine-Kontaktgruppe in Ramstein ist für den neuen Verteidigungsminister Boris Pistorius der erste Auftritt auf großer Bühne. Und gleich ein entscheidender: Er sagte am Freitag, Deutschland bereite sich auf den Fall einer möglichen Lieferung von „Leopard 2“-Kampfpanzern in die Ukraine vor. Entschieden worden sei über die Lieferung aber noch nicht. Nicht das einzige Thema, um das sich der Verteidigungsminister schnell kümmern muss. Denn bei der Bundeswehr gibt es viele Baustellen. Wie kann sie fit gemacht werden für die Aufgaben der „Zeitenwende“? Ist Deutschland bei der Lieferung von Kampfpanzern tatsächlich „der Bremsklotz“, wie die CDU behauptet? Und wird Deutschland dem „Anspruch einer Führungsmacht“ gerecht, den SPD-Chef Lars Klingbeil eingefordert hat?;;bundeswehr
Seit dieser Woche wird Lützerath geräumt. Die kleine Siedlung am Tagebau Garzweiler wurde jahrelang von Klimaaktivistinnen und -aktivisten aus Protest gegen den geplanten Abriss des Ortes und die Nutzung der Braunkohle besetzt. Bund und Land hatten dem Abbau unter Lützerath zugestimmt. Im Gegenzug wird der Kohleausstieg in Nordrhein-Westfalen um acht Jahre auf 2030 vorgezogen. Diesen Kompromiss werfen Mitglieder der Klimabewegung auch den Grünen vor. Zu einer Demonstration am Samstag werden mehrere tausend Protestierende in der Gegend erwartet. Wofür ist Lützerath ein Symbol? Ist der Protest gegen die Räumung gerechtfertigt? Ist die deutsche Klimapolitik konsequent genug?;;klima,luetzerath
Einen Monat nach dem Terrorangriff auf Israel ist ein Ende des Krieges nicht in Sicht. Mehr als 200 Geiseln befinden sich noch immer in den Händen der Hamas. Israel wird täglich mit Raketen beschossen. Die israelische Armee ist tief in den nördlichen Gaza-Streifen eingedrungen. Nach UN-Schätzungen sind etwa eine Million Menschen auf der Flucht. Tausende Palästinenserinnen und Palästinenser wurden bei Angriffen getötet. Ändert eine tägliche Feuerpause von wenigen Stunden etwas an der Situation der Zivilbevölkerung in Gaza? Wie kann der Krieg in Nahost enden? Weltweit gibt es pro-palästinensische Demonstrationen, auch in Deutschland. Die Zahl antisemitischer Straftaten nimmt zu. Jüdinnen und Juden fühlen sich in Deutschland nicht mehr sicher. Wie kann in diesen Zeiten der gesellschaftliche Zusammenhalt in Deutschland gestärkt werden?;;nahost,antisemitismus
Es war eine der größten Razzien in der Geschichte der Bundesrepublik. Im Visier: die „Reichsbürger“-Szene. Deutschlandweit wurden diese Woche mehr als 150 Wohnungen, Häuser und Büros durchsucht, 25 Personen wurden festgenommen, darunter eine ehemalige Bundestagsabgeordnete der AfD. Der Vorwurf: Mitgliedschaft oder Unterstützung einer terroristischen Vereinigung. Laut Generalbundesanwalt hatten die Festgenommenen einen Staatsstreich geplant. Wie gefährlich ist die „Reichsbürger“-Szene für unsere Demokratie? Handeln Bund und Länder entschlossen genug gegen Staatsfeinde? Und: Haben deutsche Sicherheitsbehörden ein Extremismusproblem?;;reichsbuerger,rechtsextremismus
Vom kommenden Jahr an soll Hartz IV durch das Bürgergeld abgelöst werden. Das möchte zumindest die Ampelkoalition, allen voran die SPD. Die Union hat diese Woche im Bundestag dagegen gestimmt und kündigte an, das Vorhaben im Bundesrat zu blockieren. Sie fürchtet, dass das Bürgergeld die Motivation von Arbeitssuchenden senken werde, einen Job anzunehmen. Außerdem sei es ungerecht, dass das sogenannte Schonvermögen, also das Ersparte der Bedürftigen, länger unangetastet bleiben soll. Ist es richtig, den Druck auf Arbeitssuchende zu verringern und Sanktionen zu lockern? Ist das Bürgergeld ein Schritt in Richtung eines bedingungslosen Grundeinkommens, wie Friedrich Merz meint? Und: Hilft das Bürgergeld gegen den Fach- und Arbeitskräftemangel?;;buergergeld
Der Kurzbesuch von Olaf Scholz in Peking – eine umstrittene Reise. Kritik kam sogar aus Reihen der Ampel-Partner. Im China-Tross des Kanzlers: eine hochkarätig besetzte Wirtschaftsdelegation. Aber sollte Deutschland mit einem Land wie China oder anderen autokratischen Staaten Geschäfte machen wie bisher oder seine Abhängigkeiten reduzieren? Für viel Unmut sorgt die geplante chinesische Beteiligung an einem Hamburger Hafenterminal. Mehr als zwei Drittel der Deutschen lehnen sie ab. Hat die Bundesregierung falsch entschieden? Nicht verstehen können viele derzeit auch die Reaktion der Ampel auf die Proteste im Iran. Sollten Kanzler und Außenministerin entschiedener handeln?;;china,iran
Wladimir Putin treibt die Eskalation des Krieges gegen die Ukraine weiter voran. Er lässt Städte und lebensnotwendige Infrastruktur im gesamten Land massiv mit Raketen beschießen. Wie Putin betont: als Reaktion auf die Explosion auf der Brücke zur von Russland völkerrechtswidrig annektierten Krim. Und immer wieder deutet der russische Präsident einen möglichen Einsatz von Atomwaffen an. Wie ernst müssen diese Drohungen genommen werden? Was ist dem russischen Machthaber in diesem Krieg noch zuzutrauen? Wie kann mit Russland zukünftig wieder eine Verständigung möglich sein? Und geht das überhaupt mit Putin?;;ukraine,russland
Die stark gestiegenen Energiekosten belasten Wirtschaft und private Haushalte zunehmend. Um die Bevölkerung zu entlasten, hat die Bundesregierung mittlerweile drei milliardenschwere Pakete auf den Weg gebracht. Jetzt sollen Deutschlands wichtigster Gasimporteur Uniper und die ehemalige Gazprom Germania verstaatlicht werden, um sie vor der Pleite zu bewahren und zu verhindern, dass Menschen ihre Wohnungen nicht heizen können. Fällt damit die heftig umstrittene Gasumlage, die alle Gaskundinnen und -kunden demnächst bezahlen sollen? Werden die Milliarden aus den Entlastungspaketen gerecht verteilt? Und: Was bedeutet es für eine Gesellschaft, wenn viele Menschen nicht wissen, wie sie die extrem hohen Preise bezahlen sollen?;;energie,heizung
In den vergangenen Tagen hat die ukrainische Armee im Osten des Landes eine Gegenoffensive gestartet und nach eigenen Angaben Putins Truppen auf mehreren tausend Quadratkilometern zurückgedrängt. Zur Unterstützung hat die Bundesregierung jetzt neue Lieferungen schwerer Waffen angekündigt. Jedoch: Die unter anderem von der ukrainischen Regierung geforderten Kampf- und Schützenpanzer westlicher Bauart sind bisher nicht darunter. Sollte Deutschland auch diese Panzer liefern? Wie wahrscheinlich ist ein Sieg der Ukraine in Russlands Angriffskrieg? Und muss die Bundesrepublik eine neue, auch militärische Führungsrolle in Europa einnehmen?;;ukraine,russland
Durch die Pipeline Nord Stream 1 fließt wieder Gas, dabei ist die Auslastung etwa so hoch wie vor den Wartungsarbeiten durch Russland. Dennoch warnt Klaus Müller, Chef der Bundesnetzagentur, dass es unklar sei, ob die Lieferungen stabil blieben: „Nach den Aussagen von Präsident Putin muss man ja Zweifel haben.“ Weil der Gasverbrauch in Deutschland insgesamt sinken müsse und die Speicher voll werden müssten, hat Bundeswirtschaftsminister Robert Habeck jetzt ein neues Maßnahmenpaket vorgestellt. Kann Deutschland dadurch den Gasmangel verhindern? Wie kann Deutschland die Abhängigkeit von russischem Erdgas beenden? Und: Schafft Deutschland die Energiewende?;;gas,russland,energie
Ob nach Ende der Wartungsarbeiten wieder Gas durch die Pipeline Nord Stream 1 nach Deutschland fließt, ist ungewiss. Nicht nur Arbeitgeberpräsident Rainer Dulger befürchtet, Russland werde auf Dauer gar nichts mehr liefern: „Wir stehen vor der größten Krise, die das Land je hatte.“ Die Bundesnetzagentur warnt vor mindestens einer Verdreifachung der Gaspreise für Verbraucherinnen und Verbraucher, DIW-Chef Marcel Fratzscher beklagt „eine dramatische soziale Krise“. Wie sollten insbesondere einkommensschwache Haushalte in der derzeitigen Situation unterstützt werden? Was kann die Regierung tun, um die Energiepreise zu stabilisieren? Und: Sollte im Fall des Ausrufens von Notfallstufe 3 die Bevorzugung von Privathaushalten gegenüber der Industrie bei der Zuteilung von Gas geändert werden?;;gas,russland,energie,heizung
Die umstrittene Gasumlage wird nun doch in die „Annalen der Geschichte“ eingehen, so Wirtschaftsminister Robert Habeck. Stattdessen sollen demnächst eine Strom- und eine Gaspreisbremse eingeführt werden. Mit insgesamt bis zu 200 Milliarden Euro will die Bundesregierung Unternehmen sowie Verbraucherinnen und Verbraucher bei den Energiepreisen entlasten. Reicht der „Doppel-Wumms“, wie Bundeskanzler Olaf Scholz das neue Hilfspaket der Ampelkoalition bezeichnet, aus, um die Härten der Energiekrise abzufedern? Wie sinnvoll ist es, eine Milliardensumme anzukündigen, bevor klar ist, wie genau die Gaspreisbremse funktionieren soll? Kann die Ampel-Regierung so verlorenes Vertrauen zurückgewinnen?;;gas,heizung,energie
Im dritten Corona-Jahr befindet sich Deutschland in einer „Sommerwelle“. Die 7-Tage-Inzidenz steigt, ebenso die Zahl der an Corona Erkrankten auf Intensivstationen. Schutzmaßnahmen wie Test- oder Maskenpflicht jedoch wurden bereits stark reduziert. Jetzt hat der Sachverständigenausschuss seine Bewertung der Corona-Maßnahmen vorgelegt, diese gilt als Grundlage für das weitere Vorgehen in der Corona-Politik. Wird es neue Maßnahmen geben? Kommt eine altersbezogene Impfpflicht? Ist es sinnvoll, dass seit Donnerstag die Bürgertests für die meisten Menschen nicht mehr kostenlos angeboten werden? Und: Ist Deutschland gut auf kommende Pandemie-Wellen vorbereitet?;;corona
Rund zwei Wochen nach dem Terrorangriff der Hamas ist die erwartete Bodenoffensive der israelischen Armee noch nicht gestartet. Im Gaza-Streifen befinden sich Hunderttausende auf der Flucht, die humanitäre Situation dort ist dramatisch. Die Explosion vor einem Krankenhaus in Gaza mit vielen Toten hat die Lage weiter zugespitzt. In dieser Woche waren Bundeskanzler Scholz, US-Präsident Biden und der britische Premier Sunak zu Solidaritätsbesuchen in Tel Aviv – auch, um mit der Regierung Netanjahu über die Versorgung des Gaza-Streifens zu beraten. Wie lässt sich die Lage verbessern? Die Hamas hat zwei Geiseln freigelassen. Gibt das Hoffnung für die anderen? Kann eine israelische Bodenoffensive den Terror der Hamas beenden, zugleich die Zivilbevölkerung schonen? Und: Droht in Nahost ein neuer langer Krieg, in den auch Israels Nachbarstaaten eingreifen?;;nahost
<br/>;;
<br/>;;
Israel befindet sich im Krieg. Bei dem Angriff der Hamas haben Terroristen Massaker verübt, mehr als tausend Menschen ermordet und mehr als hundert Geiseln genommen. Jetzt steht offenbar eine Bodenoffensive der israelischen Armee im Gaza-Streifen bevor. Bereits in den vergangenen Tagen sind bei israelischen Luftangriffen auf den Küstenstreifen mehr als tausend Palästinenserinnen und Palästinenser gestorben. Kann Israel dem Terror der Hamas diesmal tatsächlich ein Ende setzen? Wie sollten die Verbündeten Israel dabei unterstützen? Was folgt in diesem Zusammenhang konkret aus der Feststellung, die Sicherheit Israels sei deutsche Staatsräson? Und: Wie verändert der neue Krieg die Sicherheitslage in Nahost? Droht ein Flächenbrand? Welche Rolle spielt dabei der Iran?;;nahost,iran
Am Sonntag wird in Bayern und Hessen gewählt. In jüngsten Umfragen liegen CSU bzw. CDU deutlich vorn. Das Rennen um die jeweils zweitmeisten Stimmen dagegen ist völlig offen. Profitieren die Freien Wähler in Bayern von der Diskussion um ihren Vorsitzenden Hubert Aiwanger? Wie geht die Wahl für Bundesinnenministerin Nancy Faeser in Hessen aus, wo sie als Spitzenkandidatin für die SPD antritt? Werden die Grünen für die große Unzufriedenheit mit der Ampel-Regierung in Berlin besonders abgestraft? Auffällig in diesem Wahlkampf: Der Ton gegenüber den politischen Mitbewerberinnen und Mitbewerbern ist außergewöhnlich scharf. Wie verändert diese Art der Auseinandersetzung die politische Kultur hierzulande? Und: Zeigen die Wahlergebnisse einen zunehmenden Vertrauensverlust in die etablierten Parteien?;;bayern,hessen
Viele Kommunen sehen sich durch die zunehmende Zahl an Geflüchteten überfordert. Bundespräsident Frank-Walter Steinmeier spricht von einer „Belastungsgrenze“, an der Deutschland inzwischen sei. In diesem Jahr haben bereits mehr als 200.000 Menschen in Deutschland einen Asylantrag gestellt. Darüber hinaus leben mehr als eine Million ukrainische Kriegsflüchtlinge im Land. Bayerns Ministerpräsident Markus Söder von der CSU hat jetzt eine „Integrationsgrenze“ für Asylsuchende ins Spiel gebracht. Bundesinnenministerin Nancy Faeser von der SPD lehnt diese Forderung ab. Ist eine Obergrenze für Geflüchtete umsetzbar? Muss die Zahl der nach Deutschland kommenden Menschen reduziert werden? Wie kann Migration dauerhaft gesteuert werden? Werden die Kommunen bei der Versorgung und Integration von Geflüchteten alleingelassen?;;bayern,asyl,migration
Die Gegenoffensive der Ukraine kommt mühsam voran. Auch deswegen wiederholte Außenminister Dmytro Kuleba diese Woche gegenüber Deutschland die Forderung nach Lieferung von Taurus-Marschflugkörpern, also Waffen mit großer Reichweite. Die Ukraine steht unter Zeitdruck: Es ist ungewiss, ob der wichtigste Verbündete USA nach der Präsidentschaftswahl im kommenden Jahr und einem möglichen Sieg Donald Trumps die Unterstützung aufrechterhält. Auf ihrer US-Reise hat sich Außenministerin Annalena Baerbock diese Woche ein Bild von der Stimmung im Land gemacht. Werden die USA die Ukraine weiterhin verlässlich unterstützen? Sollte Deutschland Marschflugkörper an die Ukraine liefern? Was führt zum Frieden?;;ukraine,russland
Die Flugblatt-Affäre um Hubert Aiwanger, den stellvertretenden Ministerpräsidenten von Bayern und Chef der Freien Wähler, hat eine heftige Diskussion ausgelöst. Die Süddeutsche Zeitung hatte berichtet, dass in den 80er-Jahren in seiner Schultasche ein antisemitisches Pamphlet gefunden worden war. Aiwanger bestreitet jedoch, dies damals geschrieben zu haben und sieht sich als Opfer einer Kampagne. Ist es richtig, dass Ministerpräsident Markus Söder seinen Stellvertreter nicht entlassen hat? Wie ist zu erklären, dass Hubert Aiwanger und die Freien Wähler trotz der Vorwürfe an Zustimmung gewinnen? Was sagt die Flugblatt-Affäre über Rechtspopulismus und Antisemitismus in Deutschland aus?;;flugblatt-affaere,bayern,antisemitismus
"In wenigen Tagen ist es soweit: Die Fußball-EM in Deutschland beginnt. Wie stehen diesmal die Chancen des deutschen Teams: Vorrunden-Aus, Finale? Wie wird die Stimmung sein? Gibt es ein zweites Sommermärchen? 2006 konnte die Nationalmannschaft, zumindest für kurze Zeit, die Gesellschaft zusammenführen. Gelingt das auch 2024?
 |";;sport
"Europa hat die Wahl und es steht viel auf dem Spiel. Gibt es einen Rechtsruck? Welche Rolle spielen dabei die Diskussionen um die AfD-Spitzenkandidaten? Zum ersten Mal stellt sich das Bündnis Sahra Wagenknecht (BSW) zur Wahl. Kann es auf Anhieb erfolgreich sein? Und: Wird die EU auch in Zukunft noch die Ukraine gegen Russland unterstützen?
 |";;eu,europawahl
"Brutale Angriffe auf Politikerinnen und Politiker, eine Verrohung der Debatten, insgesamt eine vergiftete gesellschaftliche Atmosphäre – was ist los in Deutschland? Ist unsere Demokratie in Gefahr? Welche Rolle spielt die AfD? Braucht es schärfere Gesetze?
 |";;
"400.000 neue Wohnungen pro Jahr hat die Bundesregierung versprochen. Und dieses Ziel bislang weit verfehlt. Was tun gegen die Krise am Bau und hohe Mieten? Wie kann jeder angemessen und bezahlbar wohnen? Durch weniger Vorschriften beim Bauen, durch Enteignungen? Ist der Traum vom Eigentum für viele geplatzt?
 |";;wohnraum
"Welcher politische Kurs ist richtig fürs Land – ein konservativer, ein linker oder ein Kurs der Mitte? Braucht Deutschland wirklich eine Leitkultur? Wie mit der AfD umgehen? Sollten andere Parteien mit dem Bündnis Sahra Wagenknecht zusammenarbeiten? Und wer wäre der beste Kanzlerkandidat für die Union?
 |";;
"Zurück zum Fordern und Fördern – mit schärferen Sanktionen: Die CDU will das Bürgergeld in seiner jetzigen Form abschaffen. Ist das dringend notwendig oder Populismus auf dem Rücken der Armen? Muss der deutsche Sozialstaat tatsächlich grundlegend reformiert werden? Wie viel Armut, wie viel Reichtum verträgt unsere Gesellschaft?
 |";;buergergeld
"Millionen sind auf Social Media unterwegs, die Jüngeren vor allem auf TikTok. Das weiß auch die AfD und hat auf dieser Plattform alle anderen Parteien weit abgehängt. Wie gefährlich ist das? Was tun gegen Hass und Populismus im Netz? Sollten TikTok & Co stärker reguliert, sogar verboten werden, wie in den USA gerade diskutiert wird?
 |";;soziale medien,eu
"Überforderte Kommunen, wütende Bevölkerung, Bund, Länder und Gemeinden streiten. Lösungen in der Asyl-Debatte sind fern. Wie kann Migration geregelt werden? Durch eine Obergrenze für Geflüchtete? Ist eine Bezahlkarte für Asylsuchende sinnvoll? Wie gelingt Integration? Wie kann die Hilfsbereitschaft vor Ort gestärkt werden?
 |";;asyl,migration
"Die Epoche der Entspannung ist vorbei. Der Ukraine-Krieg geht ins dritte Jahr. Putin droht Europa mit Atombomben. Und Trump den Nato-Verbündeten mit einem Ende der Unterstützung. Muss die Bundeswehr deswegen aufgerüstet werden? Sollte die Wehrpflicht zurückkehren? Wie verändert sich unsere Gesellschaft in diesen Zeiten?
 |";;russland,ukraine,wehrpflicht,bundeswehr
"Kein Schnee mehr in den Bergen. In Ferienzeiten Blechlawinen Richtung Alpen. Volle Autobahnen ans Meer und überfüllte Urlaubsflieger. Kann das so weitergehen? Hat der Massentourismus in Zeiten der Klimakrise noch eine Zukunft? Wie kann nachhaltiges Reisen aussehen?
 |";;klima,tourismus
"Tennis- statt Fußbälle. Fan-Proteste in der 1. und 2. Liga. Gegen milliardenschwere Investoren. Spiele stehen vor dem Abbruch. Schadet oder nutzt der geplante Investoren-Einstieg dem Profi-Fußball? Auf dem Platz nur noch Kommerz?
 |";;sport
"Im ganzen Land Demos gegen Rechtsextremismus und die AfD. Für knapp 40 Prozent der Deutschen stellen Rechtsextremismus und Rechtspopulismus derzeit die größte Gefahr für die Demokratie dar. Welches Vorgehen ist am hilfreichsten: die AfD verbieten, die Partei und deren Wählerinnen und Wähler ausgrenzen oder ihnen zuhören?
 |";;rechtsextremismus
"Deutschland 2024: Massendemonstrationen gegen Rechtsextremismus. Gleichzeitig Traktor-Proteste gegen die Ampel. Die Unzufriedenheit mit der Bundesregierung ist groß. Woran liegt das? Auch an der Abstiegsangst vieler Menschen? Wer profitiert vom Unmut? Ist unsere Demokratie in Gefahr?
 |";;rechtsextremismus,bauern
"Ukrainekrieg, Hamas-Terror – 2023 ist ein Jahr des Schreckens. Und in Deutschland: Dauerchaos bei der Ampel. Leben wir in einer Welt von Krieg und Unordnung? Wird auch Deutschland immer schwerer regierbar? Was kommt noch – und was gibt Grund zur Hoffnung?
 |";;ukraine,nahohst
"Das Hitze-Rekordjahr endet mit einer Weltklimakonferenz – ausgerechnet im Ölstaat Dubai. Wie wichtig ist den Deutschen das Thema noch? Nerven Klebeblockaden und Farbanschläge zu viele Menschen, statt sie wachzurütteln? Scheitern wir so beim Klimaschutz?
 |";;klima
"Seit zwei Wochen weiß die Bundesregierung: Der Haushalt hat ein riesiges Loch. Warum wirken alle immer noch so überrumpelt? Reichen neue Tricks fürs Schuldenmachen oder muss eisern gespart werden? Was hält die Ampel noch zusammen, außer der Angst vor Neuwahlen?
 |";;haushalt,schuldenbremse
"Das Bundesverfassungsgericht sperrt 60 Milliarden für den Ampelhaushalt: Wo will die Regierung so viel Geld einsparen? Geht jetzt der Streit um mehr Schulden oder höhere Steuern los?  Und was bleibt von Reformen und Öko-Umbau, von Fördergeld für E-Autos und neue Heizungen?
 |";;haushalt
"Die Wirtschaft schrumpft, die Ansprüche der Beschäftigten steigen. Kräftige Lohnerhöhungen, die 4-Tage Woche: alles zurecht? Oder zuviel Anspruch bei weniger Leistungswille? Dann noch höheres Bürgergeld, steigende Mindestlöhne: Können wir uns das alles leisten?
 |";;buergergeld
"Der Bundeskanzler verspricht eine Wende beim Thema Migration: Wird jetzt wirklich bald im großen Stil abgeschoben? Reicht das, um die hohen Flüchtlingszahlen zu drücken? Müssen Flüchtlinge schneller in Arbeit, Sozialleistungen gekürzt, Europas Grenzen wehrhafter werden?
 |";;migraition,asyl
"Israels Dilemma: Den Terror der Hamas mit einer Offensive in Gaza beantworten? Oder verhandeln, Geiseln retten, einen Mehrfronten-Krieg und den Tod vieler Zivilisten vermeiden? Aber beugt sich das Land dann so seinen Feinden? Und stehen die Verbündeten wirklich treu zu Israel? [Zweite Fassung]
 |";;nahost
"Nach dem Terrorüberfall der Hamas auf Israel: Steht die Region jetzt am Rande eines großen Krieges? Was bedeutet das für Deutschlands Solidarität mit Israel? Und wie kann verhindert werden, dass Hass und Gewalt gegen Juden auf Deutschlands Straßen weiter zunehmen?
 |";;nahost
"Die Doku ""Hört uns zu"" zeigt große Unterschiede im Denken Ost und West. Ist das nur ein Problem in den Köpfen, unterschiedlich bei Alt und Jung? Oder hat sich der Ostfrust so verfestigt, weil auch in Wirtschaft und Alltag die Ungleichheit bleibt? Wird der Graben sogar tiefer, weil in der Politik die Spalter lauter werden? Die Diskussion nach der Dokumentation zum Thema.
 |";;ostdeutschland
"Italien wird rechtsnational regiert: Wie hat sich das Land dadurch verändert? Warum sind Rechtspopulisten in Italien auf dem Vormarsch - und auch in vielen anderen europäischen Ländern? Weil Brüssel keine Antwort auf die Flüchtlingsfrage findet? Was bedeutet diese Entwicklung für die EU ein Jahr vor der Europa-Wahl? Die Diskussion nach der Dokumentation zum Thema.
 |";;italien,rechtsextremismus,eu
"Die Bundesregierung hat die erste Halbzeit nur mit Ach und Krach geschafft: Ist das Drei-Parteien-Bündnis eigentlich schon jetzt am Ende? Wird zu viel gefoult, zu wenig geführt? Haben Krieg und Klimakrise die Ampel überfordert?
 |";;
"Die Bahn soll das Verkehrsmittel einer klimafreundlichen Zukunft werden. Warum leidet sie dann immer noch an Fehlern der Vergangenheit? Helfen einzelne Reformen, viele Milliarden? Oder braucht es einen kompletten Neustart?
 |";;bahn
"Nach der Nachtsitzung im Kanzleramt: Hat die Ampel nur sich selbst gerettet oder hilft der Last-Minute-Kompromiss auch armen Familien? Was stärkt die Aufstiegschancen benachteiligter Kinder: Mehr Geld direkt aufs Konto der Eltern oder für eine bessere Förderung in Schulen und Kitas?
 |";;buergeld
"In vielen Ländern geht es bergauf, aber Deutschlands Wirtschaft kriselt. Ist der Standort wirklich so schlecht, wie Wirtschaftsbosse und Experten sagen? Was hilft: Billigstrom für die Industrie? Steuern runter für Unternehmen? Oder etwas Geduld, weil das Land doch besser ist als sein Ruf?
 |";;wirtschaft
"Die Zahl der Flüchtlinge steigt, der Ton in der Politik wird rauer. Asylverfahren nur noch außerhalb der EU? Clanmitglieder abschieben, auch ohne Vorstrafe? Was bringen solche Vorschläge? Was wird aus einer Gesellschaft, die auf Abschottung setzt und Menschenrechte in Frage stellt?
 |";;asyl,migration,eu
Streit um Klinikreform:, Krieg in der Ukraine und Putin-Interview: Im Gespräch der CNN-Kriegsreporter , Es kommentieren: Der Kabarettist , „maischberger“ ist eine Gemeinschaftsproduktion der ARD, hergestellt vom WDR in Zusammenarbeit mit Vincent productions GmbH.;;ukrain,e russland
Wirtschaft im Krisenmodus & Ukraine unter Druck: Es, Neuer Wettlauf zum Mond:, Es kommentieren die ARD-Börsenexpertin , „maischberger“ ist eine Gemeinschaftsproduktion der ARD, hergestellt vom WDR in Zusammenarbeit mit Vincent productions GmbH.;;wirtschaft,ukraine
Wie gerecht ist die Ampel-Politik? Darüber diskutieren der FDP-Fraktionsvorsitzende , Wie umgehen mit einem Trump-Comeback und den Kriegen weltweit? Im Studio der ehemalige Diplomat und Leiter der Münchner Sicherheitskonferenz , Kommentatoren: Der langjährige Leiter des ZDF-Hauptstadtstudios , „maischberger“ ist eine Gemeinschaftsproduktion der ARD, hergestellt vom WDR in Zusammenarbeit mit Vincent productions GmbH.;;ukraine,russland,nahost
Die Ampel im Dauerstreit: Im Studio SPD-Generalsekretär , Deutschland inmitten von Krisen und Konflikten: Im Gespräch der langjährige Vorsitzende der Münchner Sicherheitskonferenz, Es kommentieren der Journalist und Moderator , „maischberger“ ist eine Gemeinschaftsproduktion der ARD, hergestellt vom WDR in Zusammenarbeit mit Vincent productions GmbH.;;
Bauernproteste gehen weiter: Im Gespräch der Bundesminister für Ernährung und Landwirtschaft , Hunderttausende demonstrieren gegen rechts: Im Studio der Partei- und Fraktionsvorsitzende der AfD , Kommentatoren:Der Schauspieler , „maischberger“ ist eine Gemeinschaftsproduktion der ARD, hergestellt vom WDR in Zusammenarbeit mit Vincent productions GmbH.;;bauern
Ampel unter Druck:, Vorwahlsieg für Trump in Iowa: Es diskutieren die FDP-Spitzenkandidatin für die Europawahl , Es kommentieren der Comedian und Schauspieler , „maischberger“ ist eine Gemeinschaftsproduktion der ARD, hergestellt vom WDR in Zusammenarbeit mit Vincent productions GmbH.;;usa,europawahl
Kritik an der Ampel und an der Strategie der Union: Im Studio der schleswig-holsteinische Ministerpräsident, Krieg in der Ukraine und Nahost:, Es kommentieren der langjährige Autor und Kolumnist , „maischberger“ ist eine Gemeinschaftsproduktion der ARD, hergestellt vom WDR in Zusammenarbeit mit Vincent productions GmbH.;;ukraine
Kein Ende beim Streit ums Geld: Im Studio Bundesfinanzminister und FDP-Parteichef , Krieg in der Ukraine: Im Gespräch CDU-Außenpolitiker , Es erklären, kommentieren und diskutieren der Focus-Gründer und langjährige FDP-Politiker , „maischberger“ ist eine Gemeinschaftsproduktion der ARD, hergestellt vom WDR in Zusammenarbeit mit Vincent productions GmbH.;;haushalt,ukraine,russland
Massive Bauernproteste gegen die Ampelregierung: Im Streitgespräch der Parteivorsitzende der Grünen , Terror und Krieg in Nahost und der Ukraine: Im Gespräch der ehemalige SPD-Parteivorsitzende und Bundesaußenminister a.D. , Es erklären, kommentieren und diskutieren die Moderatorin von RTL Aktuell und RTL Direkt , „maischberger“ ist eine Gemeinschaftsproduktion der ARD, hergestellt vom WDR in Zusammenarbeit mit Vincent productions GmbH.;;bauern,nahost,ukraine
Heftiger Streit ums Geld: Die Ampelkoalition ringt um den Haushalt 2024. Die Fronten zwischen SPD, Grünen und FDP sind verhärtet, eine Lösung nicht in Sicht. Findet die Bundesregierung einen Ausweg aus ihrer bislang größten Krise? Im Studio SPD-Parteichef , Krieg in der Ukraine: Das Land steht vor dem nächsten Kriegswinter. Die Offensive stockt und Präsident Wolodymyr Selenskyj steht in der Kritik. Wird die Ukraine kriegsmüde? Wie ist die Lage an der Front? Droht ein Ende der westlichen Finanz- und Militärhilfen? Im Gespräch der CNN-Kriegsreporter , Es erklären, kommentieren und diskutieren der Comedian und Schauspieler , „maischberger“ ist eine Gemeinschaftsproduktion der ARD, hergestellt vom WDR in Zusammenarbeit mit Vincent productions GmbH.;;haushalt,ukraine
;;
;;
;;
;;
;;
;;
;;
;;
Selenskyj in Berlin: Unterstützt Deutschland die Ukraine ausreichend? Darüber diskutieren die Vorsitzende des BSW Sahra Wagenknecht und die deutsch-ukrainische Publizistin und Grünen-Mitglied Marina Weisband., Europawahl-Debakel: Welche Konsequenzen zieht die Kanzlerpartei? Im Gespräch der langjährige Regierende Bürgermeister von Berlin Klaus Wowereit (SPD)., Es kommentieren: der Moderator und Sportjournalist Waldemar Hartmann, die Korrespondentin im ARD-Hauptstadtstudio Julie Kurz und der Ukraine-Korrespondent der ARD Vassili Golod., „maischberger“ ist eine Gemeinschaftsproduktion der ARD, hergestellt vom WDR in Zusammenarbeit mit Vincent productions GmbH.;;ukraine,europawahl,eu
Ergebnisse der Europawahl: Im Gespräch Bundespräsident a.D. Christian Wulff., Debatte um Abschiebungen: Darüber diskutieren Tübingens Oberbürgermeister Boris Palmer (parteilos) und die Vorsitzende der Linken Janine Wissler., Es kommentieren: Der Journalist und Publizist Sergej Lochthofen, die ARD-Moderatorin Anna Planken und der Leiter des Politikressorts von RTL/n-tv Nikolaus Blome., „maischberger“ ist eine Gemeinschaftsproduktion der ARD, hergestellt vom WDR in Zusammenarbeit mit Vincent productions GmbH.;;europawahl,eu
Streit um den Haushalt 2025: Im Studio Bundesfinanzminister Christian Lindner (FDP)., Europa vor der Wahl: Im Gespräch der ehemalige grüne Europa-Abgeordnete Daniel Cohn-Bendit und der Leiter des ARD-Hauptstadtstudios Markus Preiß.  , Es kommentieren: der Moderator und TV-Produzent Hubertus Meyer-Burckhardt, die F.A.Z.-Wirtschaftskorrespondentin Julia Löhr und die Wirtschaftskorrespondentin der taz Ulrike Herrmann., „maischberger“ ist eine Gemeinschaftsproduktion der ARD, hergestellt vom WDR in Zusammenarbeit mit Vincent productions GmbH.;;haushalt,eu,europawahl
Schwindet die Akzeptanz für grüne Politik? Im Studio die Staatsministerin für Kultur und Medien Claudia Roth (B‘90/Grüne)., Welche Folgen hat der Schuldspruch gegen Trump für die US-Wahl? Zu Gast im Studio der ehemalige USA-Korrespondent und Moderator Claus Kleber., Es kommentieren: der langjährige Leiter des ZDF-Hauptstadtstudios Theo Koll, die Korrespondentin im ARD-Hauptstadtstudio Iris Sayram und der Politik-Redakteur der Neuen Zürcher Zeitung Alexander Kissler., „maischberger“ ist eine Gemeinschaftsproduktion der ARD, hergestellt vom WDR in Zusammenarbeit mit Vincent productions GmbH.;;usa
Debatte um Einsatz westlicher Waffen in Russland: Darüber diskutieren der CDU-Außenpolitiker Norbert Röttgen und Amira Mohamed Ali, Vorsitzende des Bündnis Sahra Wagenknecht (BSW)., <br/>, <br/>, <br/>;;russland,verteidigung
Wann fährt die Bahn wieder pünktlich? Wie gelingt die Verkehrswende? Im Studio der Bundesminister für Digitales und Verkehr Volker Wissing (FDP)., Russlands Offensive in der Ukraine und die Rolle Deutschlands in Europa: Im Gespräch der ehemalige Bundesaußenminister und SPD-Parteivorsitzende Sigmar Gabriel und – zugeschaltet – der Bürgermeister von Kiew Vitali Klitschko., Es kommentieren: Die Leiterin des ARD-Hauptstadtstudios Tina Hassel, der Chefredakteur des Stern Gregor Peter Schmitz und die Autorin der Neuen Zürcher Zeitung Susanne Gaschke., „maischberger“ ist eine Gemeinschaftsproduktion der ARD, hergestellt vom WDR in Zusammenarbeit mit Vincent productions GmbH.;;bahn,ukraine,russland,eu
Streit um Sozialleistungen und Angriffe auf die Demokratie: Es diskutieren der Parteivorsitzende der SPD , Politische Bilanz und Zukunft der Grünen: Im Gespräch der ehemalige Bundesumweltminister und langjährige Fraktionsvorsitzende der Grünen, , Es kommentieren die langjährige Moderatorin der ZDF-heute-Nachrichten, „maischberger“ ist eine Gemeinschaftsproduktion der ARD, hergestellt vom WDR in Zusammenarbeit mit Vincent productions GmbH.;;soziales
Überlebenskampf nach Attentat und Sorge vor Trump-Comeback: Im Studio der Schriftsteller , <br/>, <br/>, <br/>;;usa
Radikalisierung in Deutschland und Unterstützung für die Ukraine: Im Gespräch Bundesinnenminister a.D. , Wirtschaftsflaute und Energiewende in Deutschland: Es diskutieren der bayerische Wirtschaftsminister und Vorsitzende der Freien Wähler , Es kommentieren: Der Sportjournalist , „maischberger“ ist eine Gemeinschaftsproduktion der ARD, hergestellt vom WDR in Zusammenarbeit mit Vincent productions GmbH.;;rechtsextremismus
Angriffe auf Politiker und Landtagswahlen im Osten: Im Gespräch der ehemalige Verteidigungs- und Innenminister , Einsparungen beim Bundeshaushalt und Waffenlieferungen für die Ukraine: Darüber diskutieren der FDP-Fraktionschef , Es kommentieren: Die Moderatorin und Journalistin , „maischberger“ ist eine Gemeinschaftsproduktion der ARD, hergestellt vom WDR in Zusammenarbeit mit Vincent productions GmbH.;;ostdeutschland,ukraine,russland
FDP provoziert Koalitionspartner: Wollen die Liberalen das Ampel-Aus? Im Gespräch die ehemalige Bundesjustizministerin , Russland meldet Militärerfolge: Kann die Ukraine standhalten? Im Gespräch die Forschungsgruppenleiterin der Stiftung Wissenschaft und Politik , Es kommentieren: Der Tagesschau-Sprecher , „maischberger“ ist eine Gemeinschaftsproduktion der ARD, hergestellt vom WDR in Zusammenarbeit mit Vincent productions GmbH.;;russland,ukraine
Wie wird die Bundeswehr kriegstüchtig? Im Studio Bundesverteidigungsminister , Wohin steuern die USA unter einem möglichen Präsidenten Trump? Im Gespräch der USA-Korrespondent , Es kommentieren: Der Kabarettist , „maischberger“ ist eine Gemeinschaftsproduktion der ARD, hergestellt vom WDR in Zusammenarbeit mit Vincent productions GmbH.;;bundeswehr,usa
Ampelstreit um Sozialleistungen: Auf welche Reformen setzt die CDU? Darüber diskutieren , Wandel durch Handel: Ist Deutschlands langjähriges Konzept gescheitert?, Es kommentieren die Moderatorin von RTL Aktuell und RTL Direkt , „maischberger“ ist eine Gemeinschaftsproduktion der ARD, hergestellt vom WDR in Zusammenarbeit mit Vincent productions GmbH.;;soziales,russland
Überfordert die Ampel-Koalition das Land? Darüber diskutieren der stellvertretende FDP-Parteivorsitzende , USA, China, Ukraine: Wie sollte Deutschland seine Außenpolitik ausrichten? Im Studio der ehemalige Bundesverteidigungsminister , Es kommentieren der ehemalige Tagesthemen-Moderator und Autor , „maischberger“ ist eine Gemeinschaftsproduktion der ARD, hergestellt vom WDR in Zusammenarbeit mit Vincent productions GmbH.;;aussenpolitik
Welche Rolle spielt Deutschland bei der Verteidigung der Ukraine? Im Studio die Vorsitzende der SPD-Grundwertekommission , Wie abhängig ist die deutsche Wirtschaft von China? Im Gespräch der ehemalige Spitzenmanager , Es kommentieren: Der Schauspieler , „maischberger“ ist eine Gemeinschaftsproduktion der ARD, hergestellt vom WDR in Zusammenarbeit mit Vincent productions GmbH.;;ukraine,china
Krieg in Nahost und in der Ukraine, der Kanzler in China: Im Gespräch der langjährige Vorsitzende der Münchner Sicherheitskonferenz und ehemalige Diplomat ,  Ex-SPD-Chef über Krisen, Erfolge und das Älterwerden: Im Studio , Es kommentieren: Der Rocksänger und Liedermacher , „maischberger“ ist eine Gemeinschaftsproduktion der ARD, hergestellt vom WDR in Zusammenarbeit mit Vincent productions GmbH.;;nahost,ukraine
"Welche Folgen hat Irans Angriff auf Israel? Im Gespräch der Vorsitzende des Auswärtigen Ausschusses , Lässt sich ein Frieden im Ukraine-Krieg verhandeln? Darüber diskutieren die Vorsitzende des ""Bündnis Sahra Wagenknecht"" , Es kommentieren: Der Journalist und Moderator , „maischberger“ ist eine Gemeinschaftsproduktion der ARD, hergestellt vom WDR in Zusammenarbeit mit Vincent productions GmbH.";;iran,nahost,ukraine,russland
Wie wehrhaft ist unsere Demokratie? Im Studio die Bundestagspräsidentin , Streit über Bürgergeld und Kindergrundsicherung: Es diskutieren die wirtschaftspolitische Sprecherin der Unions-Fraktion im Deutschen Bundestag , Es kommentieren der TV-Moderator , „maischberger“ ist eine Gemeinschaftsproduktion der ARD, hergestellt vom WDR in Zusammenarbeit mit Vincent productions GmbH.;;soziales,buergergeld,kindergrundsicherung
Krieg in der Ukraine und in Nahost: Es diskutieren die FDP-Verteidigungspolitikerin , Deutsche Wirtschaft in der Krise:, Es kommentieren der langjährige Leiter des ZDF-Hauptstadtstudios , „maischberger“ ist eine Gemeinschaftsproduktion der ARD, hergestellt vom WDR in Zusammenarbeit mit Vincent productions GmbH.;;ukraine,russland,nahost
Kritik an der Ampel und bayerische Außenpolitik: Im Studio der Ministerpräsident von Bayern , Medizin der Zukunft: Im Gespräch der Arzt und Wissenschaftsjournalist , Es kommentieren: Der Fernsehmoderator , „maischberger“ ist eine Gemeinschaftsproduktion der ARD, hergestellt vom WDR in Zusammenarbeit mit Vincent productions GmbH.,  ;;bayern,medizin
Ist der Sozialstaat in Gefahr? Darüber diskutieren der Generalsekretär der SPD , Deutschland im Krisenmodus? Im Gespräch der Kabarettist und Satiriker , Es kommentieren die Autorin und Journalistin , „maischberger“ ist eine Gemeinschaftsproduktion der ARD, hergestellt vom WDR in Zusammenarbeit mit Vincent productions GmbH.;;soziales
Klimaschutz, Migration, Wirtschaft – Regierung und Union im Dauerstreit? Im Studio die Bundesumweltministerin , Fünfte Amtszeit für Putin – die Scheinwahl in Russland: Im Gespräch der langjährige deutsche Botschafter in Russland , Es kommntieren der Schauspieler , „maischberger“ ist eine Gemeinschaftsproduktion der ARD, hergestellt vom WDR in Zusammenarbeit mit Vincent productions GmbH.;;klima,migration,asyl,wirtschaft
Zusammenhalt der Gesellschaft und Umgang mit der AfD: Im Studio der Außenpolitiker und ehemalige CDU-Parteivorsitzende , Schilderung aus dem Kriegsalltag und Lage an der Front: Im Gespräch die ZDF-Kriegsreporterin , Es kommentieren die, „maischberger“ ist eine Gemeinschaftsproduktion der ARD, hergestellt vom WDR in Zusammenarbeit mit Vincent productions GmbH.;;afd,russland,ukraine
Kürzungen im Sozialbereich? Im Duell der stellvertretende Fraktionsvorsitzende der FDP , Wirtschaft in der Krise: Im Gespräch der langjährige Vorstandsvorsitzende der Deutschen Bank , Es kommentieren der ehemalige CDU-Innenpolitiker und Autor , „maischberger“ ist eine Gemeinschaftsproduktion der ARD, hergestellt vom WDR in Zusammenarbeit mit Vincent productions GmbH.;;soziales
Aggressive Proteste gegen Grüne und die Ampel im Dauerstreit: Im Gespräch die Parteivorsitzende der Grünen , Abhörskandal der Bundeswehr und seine Folgen:, Es erklären, kommentieren und diskutieren der Moderator der heute-show , „maischberger“ ist eine Gemeinschaftsproduktion der ARD, hergestellt vom WDR in Zusammenarbeit mit Vincent productions GmbH.;;
Wirtschaft, Migration, Ukraine – Union erhöht Druck auf Ampel: Im Studio der Ministerpräsident von Nordrhein-Westfalen , Musiklegende über Erfolge und Krisen: Zu Gast der Sänger und Entertainer , Es erklären, kommentieren und diskutieren der Kabarettist , „maischberger“ ist eine Gemeinschaftsproduktion der ARD, hergestellt vom WDR in Zusammenarbeit mit Vincent productions GmbH.;;wirtschaft,migration,asyl,ukraine
Streit um die Wirtschaftspolitik: Es diskutieren die Ministerpräsidentin von Rheinland-Pfalz , <br/>, Es kommentieren der Moderator und TV-Produzent , „maischberger“ ist eine Gemeinschaftsproduktion der ARD, hergestellt vom WDR in Zusammenarbeit mit Vincent productions GmbH.;;wirtschaft
Zwei Jahre russischer Angriffskrieg auf die Ukraine: Im Studio der ehemalige Box-Weltmeister, Streit in der Ampel und Kritik in der EU wegen FDP-Blockade: Im Studio der Bundesminister für Justiz , Es kommentieren der langjährige Leiter des ZDF-Hauptstadtstudios , „maischberger“ ist eine Gemeinschaftsproduktion der ARD, hergestellt vom WDR in Zusammenarbeit mit Vincent productions GmbH.;;russland,ukraine,eu
Hohe Sozialausgaben bei schwächelnder Wirtschaft: Im Studio Bundesarbeitsminister , Russische Militärerfolge im Osten der Ukraine: Darüber sprechen die Forschungsgruppenleiterin der Stiftung Wissenschaft und Politik , Es kommentieren der Tagesschau-Sprecher , „maischberger“ ist eine Gemeinschaftsproduktion der ARD, hergestellt vom WDR in Zusammenarbeit mit Vincent productions GmbH.;;wirtschaft,soziales
Tod des russischen Oppositionellen Alexej Nawalny: Im Gespräch , Scholz wirbt um mehr Militär-Unterstützung für die Ukraine:, Es kommentieren: Der Spitzenkoch und TV-Moderator , „maischberger“ ist eine Gemeinschaftsproduktion der ARD, hergestellt vom WDR in Zusammenarbeit mit Vincent productions GmbH.;;russland,ukraine
"Überfüllte Intensivstationen, Pflegekräfte am Limit, einsame Senioren, vernachlässigte Schulkinder und eine mit Verboten und Geboten überforderte Gesellschaft. Wer während der Covid-Pandemie hoffte, dass Politiker, Wissenschaftler oder Journalisten seine Angst oder Ratlosigkeit in Sicherheit und Zuversicht verwandeln würden, der musste verzweifeln. Der Streit zwischen ""Team Vorsicht"" und ""Team Freiheit"" hat das Land genauso traumatisiert wie das Coronavirus selbst. Der Vertrauensverlust in Politik, Wissenschaft und Medien - er ist heute noch spürbar. , Hilft eine konsequente Aufarbeitung? Was wurde damals richtig, was falsch entschieden? Hatte die Wissenschaft zu viel oder zu wenig Macht im Pandemiemanagement? War Corona zu groß für 16 deutsche Ministerpräsidenten und das Kanzleramt? Werden Grundrechte wieder das erste Opfer der nächsten Pandemie? Oder ist Deutschland inzwischen besser vorbereitet?";;medizin,soziales,corona
Wiederaufbaukonferenz in Berlin, Friedenskonferenz in der Schweiz und überall auch die Bitte um Waffen: Der ukrainische Präsident Selenskyj reist durch Europa - und das ist gespalten. Die Gemeinschaft seiner größten Unterstützer ist nach der Europawahl so mit sich selbst beschäftigt wie lange nicht. Die Erfolge von Rechten und Populisten schwächen die Solidarität mit der Ukraine. Frankreichs Präsident Macron ruft Neuwahlen aus. Friedenskanzler Olaf Scholz wird an der Wahlurne abgestraft. , Ist Russland einer der Gewinner dieser Europawahl? Bröckelt die Unterstützung für die Ukraine? Gibt Europa viel Geld aus, das der Ukraine wenig hilft?;;ukraine,russland,eu,europawahl
"Russlands Offensive scheint unaufhaltsam - am Boden und in der Luft. Die Ukraine hat im Moment wenig, um dagegen zu halten. Der Westen gibt sich besorgt und diskutiert dennoch jeden weiteren Schritt: Freigabe westlicher Waffen für Angriffe auf Militär-Einrichtungen in Russland, eine Art Flugverbotszone im Westen der Ukraine, kontrolliert von Nato-Territorium, oder gar Truppen mit besonderen Aufgaben - Bundeskanzler Scholz ist von all dem nicht überzeugt. Seine SPD wirbt bei der Europawahl mit dem Slogan ""Frieden sichern""., Wie soll dieser Frieden aussehen? Wäre es ein Frieden nach Putins Vorstellungen? Redet der deshalb jetzt von einem Waffenstillstand? Was können die Verbündeten tun, um die Lage der Ukraine und ihre Verhandlungsposition zu verbessern?";;russland,ukraine,europawahl,eu
"Protestcamps an den Universitäten in Deutschland und in den USA, Boykottaufrufe gegen Israel und Demonstrationen beim ""Song Contest"" in Malmö. Nicht nur Menschen mit Wurzeln in arabischen Ländern gehen auf die Straße, auch linke, ""woke"" Jugendliche fordern mehr Solidarität oder gleich ""Freiheit für Palästina"". Oft genug wird dabei zur Vernichtung Israels aufgerufen. Islamistische Gruppierungen nutzen die Trauer über die Opfer im Gaza-Krieg und rekrutieren für ein ""Kalifat"". Hinter den postkolonialen Theorien der Studenten schaut immer wieder der alte, vertraute Antisemitismus hervor. Eine ""unheilvolle Allianz""? , Wann schlägt Kritik an Israels Regierung und ihrer Kriegsführung in Judenhass um? Wird auch berechtigte Kritik in Deutschland unterdrückt? Geht der deutsche Staat mit seiner Unterstützung Israels zu weit? Und steht er damit international bald sehr allein da?";;nahost,islamismus,antisemitismus
"Der Finanzminister fordert eine komplette ""Wirtschaftswende"", der Wirtschaftsminister ein ""wuchtiges Entlastungspaket"" - allein der Kanzler sieht Deutschland auf einem guten Weg und nimmt die Klagen aus der Wirtschaft nicht ernst. Bei der Diagnose hört aber auch die Einigkeit von Grün und Gelb schon auf. Die einen wollen der Schuldenbremse an den Kragen, die anderen wollen an Bürgergeld, Rente und Kindergrundsicherung ran. Alle drei Ampel-Partner müssen jedenfalls einen verfassungsgemäßen Haushalt für 2025 aufstellen, und da gilt es, große Lücken zu schließen. , Scheitert die Ampel am Geld oder an der Ideologie ihrer Partner? Was würde der Wirtschaft jetzt helfen, wieder zu wachsen? Müssen die Bürger mehr arbeiten? Was kann die Ampel-Regierung dafür tun? Blockiert sie wieder sich selbst und damit einen möglichen Aufschwung?";;wirtschaft,haushalt
Sechs Wochen vor der Europa-Wahl hat die AfD ein Problem: Gegen ihre Spitzenkandidaten gibt es Spionage- und Bestechungsvorwürfe. Es geht um Verbindungen nach China und Russland. Die Kontakte der AfD nach Moskau und Peking sind traditionell gut - aber Käuflichkeit und Spionage?, Versucht die AfD die Demokratie nicht nur von innen, sondern auch von außen anzugreifen? Gilt der Patriotismus nicht dem eigenen Land, sondern Autokraten? Überschreitet die Partei damit selbst für die eigene Anhängerschaft rote Linien?;;europawahl,eu,afd,china,russland
;;
;;
;;
;;
;;
;;
;;
Wiederaufbaukonferenz in Berlin, Friedenskonferenz in der Schweiz und überall auch die Bitte um Waffen: Der ukrainische Präsident Selenskyj reist durch Europa - und das ist gespalten. Die Gemeinschaft seiner größten Unterstützer ist nach der Europawahl so mit sich selbst beschäftigt wie lange nicht. Die Erfolge von Rechten und Populisten schwächen die Solidarität mit der Ukraine. Frankreichs Präsident Macron ruft Neuwahlen aus. Friedenskanzler Olaf Scholz wird an der Wahlurne abgestraft. , Ist Russland einer der Gewinner dieser Europawahl? Bröckelt die Unterstützung für die Ukraine? Gibt Europa viel Geld aus, das der Ukraine wenig hilft?;;ukraine,eu,europawahl
;;
Wiederaufbaukonferenz in Berlin, Friedenskonferenz in der Schweiz und überall auch die Bitte um Waffen: Der ukrainische Präsident Selenskyj reist durch Europa - und das ist gespalten. Die Gemeinschaft seiner größten Unterstützer ist nach der Europawahl so mit sich selbst beschäftigt wie lange nicht. Die Erfolge von Rechten und Populisten schwächen die Solidarität mit der Ukraine. Frankreichs Präsident Macron ruft Neuwahlen aus. Friedenskanzler Olaf Scholz wird an der Wahlurne abgestraft. , Ist Russland einer der Gewinner dieser Europawahl? Bröckelt die Unterstützung für die Ukraine? Gibt Europa viel Geld aus, das der Ukraine wenig hilft?;;ukraine,europawahl,eu
"Vizekanzler Robert Habeck (B´90/Die Grünen) und CDU-Vorsitzender Friedrich Merz treffen am Donnerstag, 6. Juni 2024, in der ZDF-Sendung ""maybrit illner"" zum Duell aufeinander: Was braucht Deutschland jetzt? , Wirtschaft, Klimaschutz, Sozialstaat – viele Gesetze, die die Ampel in der Krise beschlossen hat, will die CDU zurücknehmen. Wie groß ist die Kluft zwischen Bundeswirtschaftsminister und Oppositionsführer? Welche Fehler hat die Ampel gemacht? Und welche davor die Große Koalition? Könnten Grüne und CDU tatsächlich im Bund Koalitionspartner werden oder bleiben sie „Hauptgegner“? ";;wirtschaft,klima,soziales
"Russlands Offensive scheint unaufhaltsam - am Boden und in der Luft. Die Ukraine hat im Moment wenig, um dagegen zu halten. Der Westen gibt sich besorgt und diskutiert dennoch jeden weiteren Schritt: Freigabe westlicher Waffen für Angriffe auf Militär-Einrichtungen in Russland, eine Art Flugverbotszone im Westen der Ukraine, kontrolliert von Nato-Territorium, oder gar Truppen mit besonderen Aufgaben - Bundeskanzler Scholz ist von all dem nicht überzeugt. Seine SPD wirbt bei der Europawahl mit dem Slogan ""Frieden sichern""., Wie soll dieser Frieden aussehen? Wäre es ein Frieden nach Putins Vorstellungen? Redet der deshalb jetzt von einem Waffenstillstand? Was können die Verbündeten tun, um die Lage der Ukraine und ihre Verhandlungsposition zu verbessern?";;russland,ukraine,eu,europawahl
"Protestcamps an den Universitäten in Deutschland und in den USA, Boykottaufrufe gegen Israel und Demonstrationen beim ""Song Contest"" in Malmö. Nicht nur Menschen mit Wurzeln in arabischen Ländern gehen auf die Straße, auch linke, ""woke"" Jugendliche fordern mehr Solidarität oder gleich ""Freiheit für Palästina"". Oft genug wird dabei zur Vernichtung Israels aufgerufen. Islamistische Gruppierungen nutzen die Trauer über die Opfer im Gaza-Krieg und rekrutieren für ein ""Kalifat"". Hinter den postkolonialen Theorien der Studenten schaut immer wieder der alte, vertraute Antisemitismus hervor. Eine ""unheilvolle Allianz""? , Wann schlägt Kritik an Israels Regierung und ihrer Kriegsführung in Judenhass um? Wird auch berechtigte Kritik in Deutschland unterdrückt? Geht der deutsche Staat mit seiner Unterstützung Israels zu weit? Und steht er damit international bald sehr allein da?";;nahost,islamismus,antisemitismus
"Der Finanzminister fordert eine komplette ""Wirtschaftswende"", der Wirtschaftsminister ein ""wuchtiges Entlastungspaket"" - allein der Kanzler sieht Deutschland auf einem guten Weg und nimmt die Klagen aus der Wirtschaft nicht ernst. Bei der Diagnose hört aber auch die Einigkeit von Grün und Gelb schon auf. Die einen wollen der Schuldenbremse an den Kragen, die anderen wollen an Bürgergeld, Rente und Kindergrundsicherung ran. Alle drei Ampel-Partner müssen jedenfalls einen verfassungsgemäßen Haushalt für 2025 aufstellen, und da gilt es, große Lücken zu schließen. , Scheitert die Ampel am Geld oder an der Ideologie ihrer Partner? Was würde der Wirtschaft jetzt helfen, wieder zu wachsen? Müssen die Bürger mehr arbeiten? Was kann die Ampel-Regierung dafür tun? Blockiert sie wieder sich selbst und damit einen möglichen Aufschwung?";;wirtschaft,klima,soziales
Sechs Wochen vor der Europa-Wahl hat die AfD ein Problem: Gegen ihre Spitzenkandidaten gibt es Spionage- und Bestechungsvorwürfe. Es geht um Verbindungen nach China und Russland. Die Kontakte der AfD nach Moskau und Peking sind traditionell gut - aber Käuflichkeit und Spionage?, Versucht die AfD die Demokratie nicht nur von innen, sondern auch von außen anzugreifen? Gilt der Patriotismus nicht dem eigenen Land, sondern Autokraten? Überschreitet die Partei damit selbst für die eigene Anhängerschaft rote Linien?;;eu,europawahl,afd,china,russland
