sendung;link
anne_will;https://daserste.ndr.de/annewill/archiv/Die-Welt-in-Unordnung-Ist-Deutschland-Herausforderungen-gewachsen,erste11746.html
anne_will;https://daserste.ndr.de/annewill/archiv/Regierung-in-Geldnot-Wie-hart-trifft-es-Deutschland,erste11742.html
anne_will;https://daserste.ndr.de/annewill/archiv/Ampel-im-Milliarden-Loch-Zerbricht-die-Regierung-daran,erste11740.html
anne_will;https://daserste.ndr.de/annewill/archiv/Terror-und-Krieg-in-Nahost-Wie-kann-enden,erste11738.html
anne_will;https://daserste.ndr.de/annewill/archiv/Neuer-Krieg-in-Nahost-Gibt-es-noch-einen-Ausweg,erste11736.html
anne_will;https://daserste.ndr.de/annewill/archiv/Nach-dem-Terror-Angriff-auf-Israel-Droht-ein-Flaechenbrand-in-Nahost,erste11734.html
anne_will;https://daserste.ndr.de/annewill/archiv/ANNE-WILL-nach-Wahlen-in-Bayern-und-Hessen,erste11732.html
anne_will;https://daserste.ndr.de/annewill/archiv/An-der-Belastungsgrenze-Schafft-Deutschland-eine-bessere-Fluechtlingspolitik,erste11730.html
anne_will;https://daserste.ndr.de/annewill/archiv/Muehsame-Offensive-ferner-Frieden-Braucht-die-Ukraine-noch-mehr-Unterstuetzung,erste11728.html
anne_will;https://daserste.ndr.de/annewill/archiv/Der-Fall-Aiwanger-Wie-gross-ist-der-Schaden-fuer-die-politische-Kultur,erste11726.html
anne_will;https://daserste.ndr.de/annewill/archiv/Naechster-Ampelstreit-Wie-viel-Geld-sollen-Familien-bekommen,erste11724.html
anne_will;https://daserste.ndr.de/annewill/archiv/Machtkampf-in-Russland-Chance-fuer-die-Ukraine,erste11722.html
anne_will;https://daserste.ndr.de/annewill/archiv/Machtkampf-in-Russland-Verliert-Putin-die-Kontrolle,erste11720.html
anne_will;https://daserste.ndr.de/annewill/archiv/Heizungsstreit-und-Ampel-Frust-Ist-die-Regierung-noch-handlungsfaehig,erste11718.html
anne_will;https://daserste.ndr.de/annewill/archiv/Haertere-Regeln-schnellere-Verfahren-Was-aendert-Europas-neue-Asylpolitik-,erste11716.html
anne_will;https://daserste.ndr.de/annewill/archiv/Erschoepft-und-unzufrieden-Verliert-die-Ampel-beim-Klimaschutz-Rueckhalt-in-der-Bevoelkerung,erste11714.html
anne_will;https://daserste.ndr.de/annewill/archiv/Hoher-Anspruch-harte-Wirklichkeit-Hat-die-Ampel-Loesungen-fuer-die-aktuellen-Krisen,erste11712.html
anne_will;https://daserste.ndr.de/annewill/archiv/Gegenoffensive-der-Ukraine-Kann-sie-die-Wende-im-Krieg-bringen,erste11710.html
anne_will;https://daserste.ndr.de/annewill/archiv/Die-Klima-Politik-der-Ampel-Oeko-Wirtschaftswunder-oder-Gefahr-fuer-Standort-Deutschland-,erste11708.html
anne_will;https://daserste.ndr.de/annewill/archiv/Das-Ende-von-Oel-und-Gasheizungen-Hoechste-Zeit-oder-ueberstuerzter-Plan-,erste11706.html
anne_will;https://daserste.ndr.de/annewill/archiv/Deutschland-schaltet-ab-Ist-der-Atom-Ausstieg-die-richtige-Entscheidung,erste11704.html
anne_will;https://daserste.ndr.de/annewill/archiv/Schluss-mit-Gas-Oel-Diesel-und-Benzin-Hat-die-Ampel-dafuer-einen-Plan,erste11702.html
anne_will;https://daserste.ndr.de/annewill/archiv/Ruesten-fuer-Frieden-Welche-Lehren-zieht-Deutschland-aus-der-Zeitenwende,erste11698.html
anne_will;https://daserste.ndr.de/annewill/archiv/Verbot-von-Oel-und-Gasheizungen-Aus-fuer-Verbrenner-Ist-wirklich-durchdacht-,erste11696.html
anne_will;https://daserste.ndr.de/annewill/archiv/Mit-der-Waffe-an-der-Schlaefe-Sind-Friedensverhandlungen-mit-Putin-derzeit-moeglich-,erste11694.html
anne_will;https://daserste.ndr.de/annewill/archiv/Berlin-Wahl-zweiter-Versuch-Neustart-oder-weiter-so,erste11692.html
anne_will;https://daserste.ndr.de/annewill/archiv/Auto-oder-Bahn-Tempo-oder-Limit-Steckt-die-Verkehrswende-im-Stau,erste11690.html
anne_will;https://daserste.ndr.de/annewill/archiv/Leopard-Panzer-fuer-die-Ukraine-Die-richtige-Entscheidung,erste11688.html
anne_will;https://daserste.ndr.de/annewill/archiv/Bedingt-abwehrbereit-schafft-Deutschland-so-die-Zeitenwende,erste11686.html
anne_will;https://daserste.ndr.de/annewill/archiv/Kampf-um-Luetzerath-Zerreissprobe-fuer-die-deutsche-Klimapolitik,erste11684.html
anne_will;https://daserste.ndr.de/annewill/archiv/Razzia-bei-Reichsbuergern-Wie-gross-ist-die-Terrorgefahr-durch-Staatsfeinde,erste11682.html
anne_will;https://daserste.ndr.de/annewill/archiv/Weniger-Druck-mehr-Geld-Ist-neue-Buergergeld-gerecht,erste11676.html
anne_will;https://daserste.ndr.de/annewill/archiv/Raus-aus-der-Abhaengigkeit-von-Autokraten-wie-ernst-ist-es-Kanzler-Scholz-mit-der-Zeitenwende,erste11674.html
anne_will;https://daserste.ndr.de/annewill/archiv/Raketen-auf-zivile-Ziele-Ist-Putin-noch-zu-stoppen,erste11672.html
anne_will;https://daserste.ndr.de/annewill/archiv/Niemand-soll-im-Winter-frieren-oder-hungern-muessen-Kann-die-Regierung-dieses-Versprechen-halten,erste11666.html
anne_will;https://daserste.ndr.de/annewill/archiv/Kampfpanzer-fuer-die-Ukraine-warum-zoegert-die-Bundesregierung,erste11664.html
anne_will;https://daserste.ndr.de/annewill/archiv/Weiter-abhaengig-von-Putins-Gas-Wie-schafft-Deutschland-die-Energiewende,erste11662.html
anne_will;https://daserste.ndr.de/annewill/archiv/Angst-vorm-Gasmangel-horrende-Preise-wie-hart-trifft-die-Krise-Deutschland,erste11660.html
anne_will;https://daserste.ndr.de/annewill/archiv/Milliardenschwerer-Doppel-Wumms-gegen-die-Krise-Muss-sich-jetzt-niemand-mehr-sorgen,erste11668.html
anne_will;https://daserste.ndr.de/annewill/archiv/Bilanz-der-Corona-Politik-Ist-Deutschland-auf-die-naechste-Welle-besser-vorbereitet,erste11658.html
anne_will;https://daserste.ndr.de/annewill/archiv/Ein-halbes-Jahr-Corona-Krise-geht-Deutschland-mit-der-richtigen-Strategie-in-Herbst,erste11536.html
anne_will;https://daserste.ndr.de/annewill/archiv/Raus-aus-dem-Corona-Stillstand-hat-die-Regierung-hierfuer-richtigen-Plan,erste11520.html
hart_aber_fair;https://www1.wdr.de/daserste/hartaberfair/sendungen/deutschland-vor-der-fussball-em-wie-geht-ein-zweites-sommermaerchen-100.html
hart_aber_fair;https://www1.wdr.de/daserste/hartaberfair/sendungen/kampf-um-europa-siegen-die-populisten-100.html
hart_aber_fair;https://www1.wdr.de/daserste/hartaberfair/sendungen/die-verrohte-republik-wie-gefaehrdet-ist-die-demokratie-100.html
hart_aber_fair;https://www1.wdr.de/daserste/hartaberfair/sendungen/verzweifelt-in-vier-waenden-darum-wird-wohnen-immer-teurer-100.html
hart_aber_fair;https://www1.wdr.de/daserste/hartaberfair/sendungen/rechtsruck-oder-kurs-der-mitte-soll-deutschland-konservativer-werden-100.html
hart_aber_fair;https://www1.wdr.de/daserste/hartaberfair/sendungen/die-buergergeld-debatte-mehr-druck-mehr-sanktionen-mehr-gerechtigkeit-104.html
hart_aber_fair;https://www1.wdr.de/daserste/hartaberfair/sendungen/populismus-hass-und-fakes-wie-gefaehrlich-sind-soziale-medien-100.html
hart_aber_fair;https://www1.wdr.de/daserste/hartaberfair/sendungen/obergrenzen-drittstaaten-bezahlkarte-geht-asylpolitik-wirklich-nur-so-100.html
hart_aber_fair;https://www1.wdr.de/daserste/hartaberfair/sendungen/aufruesten-statt-abruesten-muss-deutschland-wirklich-kiregstuechtig-werden-100.html
hart_aber_fair;https://www1.wdr.de/daserste/hartaberfair/sendungen/berge-ohne-schnee-ist-alpen-tourismus-noch-okay-100.html
hart_aber_fair;https://www1.wdr.de/daserste/hartaberfair/sendungen/aufstand-der-fans-machen-investoren-den-fussball-kaputt-100.html
hart_aber_fair;https://www1.wdr.de/daserste/hartaberfair/sendungen/was-hilft-gegen-die-extrem-rechten-zuhoeren-demonstrieren-verbieten-100.html
hart_aber_fair;https://www1.wdr.de/daserste/hartaberfair/sendungen/wut-proteste-neue-parteien-wer-haelt-unser-land-noch-zusammen-100.html
hart_aber_fair;https://www1.wdr.de/daserste/hartaberfair/sendungen/2023-ein-jahr-das-uns-das-fuerchten-lehrt-100.html
hart_aber_fair;https://www1.wdr.de/daserste/hartaberfair/sendungen/ratlos-beim-weltklimarat-reisst-deutschland-seine-klimaziele-100.html
hart_aber_fair;https://www1.wdr.de/daserste/hartaberfair/sendungen/aus-haushaltsloch-wird-regierungs-krise-ampel-vor-der-zerreissprobe-100.html
hart_aber_fair;https://www1.wdr.de/daserste/hartaberfair/sendungen/der-60-milliarden-rumms-geht-der-ampel-die-kohle-aus-100.html
hart_aber_fair;https://www1.wdr.de/daserste/hartaberfair/sendungen/loehne-hoch-arbeitszeit-runter-keinen-bock-mehr-auf-leistung-100.html
hart_aber_fair;https://www1.wdr.de/daserste/hartaberfair/sendungen/kanzler-im-abschiebemodus-hilft-das-den-kommunen-wirklich-100.html
hart_aber_fair;https://www1.wdr.de/daserste/hartaberfair/sendungen/der-weg-der-gewalt-kann-das-sterben-in-nahost-gestoppt-werden-100.html
hart_aber_fair;https://www1.wdr.de/daserste/hartaberfair/sendungen/erst-terror-bald-krieg-keine-chancen-auf-frieden-im-nahen-osten-100.html
hart_aber_fair;https://www1.wdr.de/daserste/hartaberfair/sendungen/vorurteile-west-und-dauerfrust-ost-kaum-chance-fuer-deutsche-einigkeit-100.html
hart_aber_fair;https://www1.wdr.de/daserste/hartaberfair/sendungen/melonis-italien-wie-gefaehrlich-ist-der-rechtsruck-fuer-deutschland-und-europa-100.html
hart_aber_fair;https://www1.wdr.de/daserste/hartaberfair/sendungen/schwierige-halbzeitbilanz-verliert-sich-die-ampel-im-dauerstreit-100.html
hart_aber_fair;https://www1.wdr.de/daserste/hartaberfair/sendungen/zu-spaet-zu-schlecht-zu-teuer-warum-ist-die-bahn-so-kaputt-100.html
hart_aber_fair;https://www1.wdr.de/daserste/hartaberfair/sendungen/einigung-bei-der-kindergrundsicherung-mauer-kompromiss-oder-wirklicher-fortschritt-102.html
hart_aber_fair;https://www1.wdr.de/daserste/hartaberfair/sendungen/die-wirtschaft-lahmt-wie-wird-deutschland-wieder-spitze-100.html
hart_aber_fair;https://www1.wdr.de/daserste/hartaberfair/sendungen/neue-haerte-kommt-die-wende-in-der-asylpolitik-100.html
maischberger;https://daserste.de/information/talk/maischberger/sendung/maischberger-958.html
maischberger;https://daserste.de/information/talk/maischberger/sendung/maischberger-956.html
maischberger;https://daserste.de/information/talk/maischberger/sendung/maischberger-954.html
maischberger;https://daserste.de/information/talk/maischberger/sendung/maischberger-952.html
maischberger;https://daserste.de/information/talk/maischberger/sendung/maischberger-948.html
maischberger;https://daserste.de/information/talk/maischberger/sendung/maischberger-946.html
maischberger;https://daserste.de/information/talk/maischberger/sendung/maischberger-942.html
maischberger;https://daserste.de/information/talk/maischberger/sendung/maischberger-folge-32-100.html
maischberger;https://daserste.de/information/talk/maischberger/sendung/maischberger-938.html
maischberger;https://daserste.de/information/talk/maischberger/sendung/maischberger-934.html
maischberger;https://daserste.de/information/talk/maischberger/sendung/maischberger-930.html
maischberger;https://daserste.de/information/talk/maischberger/sendung/maischberger-928.html
maischberger;https://daserste.de/information/talk/maischberger/sendung/maischberger-926.html
maischberger;https://daserste.de/information/talk/maischberger/sendung/maischberger-924.html
maischberger;https://daserste.de/information/talk/maischberger/sendung/maischberger-922.html
maischberger;https://daserste.de/information/talk/maischberger/sendung/maischberger-920.html
maischberger;https://daserste.de/information/talk/maischberger/sendung/maischberger-918.html
maischberger;https://daserste.de/information/talk/maischberger/sendung/maischberger-914.html
maischberger;https://daserste.de/information/talk/maischberger/sendung/maischberger-912.html
maischberger;https://daserste.de/information/talk/maischberger/sendung/maischberger-910.html
maischberger;https://daserste.de/information/talk/maischberger/sendung/maischberger-906.html
maischberger;https://daserste.de/information/talk/maischberger/sendung/maischberger-904.html
maischberger;https://daserste.de/information/talk/maischberger/sendung/maischberger-902.html
maischberger;https://daserste.de/information/talk/maischberger/sendung/maischberger-900.html
maischberger;https://daserste.de/information/talk/maischberger/sendung/maischberger-898.html
maischberger;https://daserste.de/information/talk/maischberger/sendung/maischberger-896.html
maischberger;https://daserste.de/information/talk/maischberger/sendung/maischberger-894.html
maischberger;https://daserste.de/information/talk/maischberger/sendung/maischberger-892.html
maischberger;https://daserste.de/information/talk/maischberger/sendung/maischberger-890.html
maischberger;https://daserste.de/information/talk/maischberger/sendung/maischberger-888.html
maischberger;https://daserste.de/information/talk/maischberger/sendung/maischberger-886.html
maischberger;https://daserste.de/information/talk/maischberger/sendung/maischberger-884.html
maischberger;https://daserste.de/information/talk/maischberger/sendung/maischberger-882.html
maischberger;https://daserste.de/information/talk/maischberger/sendung/maischberger-880.html
maischberger;https://daserste.de/information/talk/maischberger/sendung/maischberger-878.html
maischberger;https://daserste.de/information/talk/maischberger/sendung/maischberger-876.html
maischberger;https://daserste.de/information/talk/maischberger/sendung/maischberger-874.html
maischberger;https://daserste.de/information/talk/maischberger/sendung/maischberger-872.html
maischberger;https://daserste.de/information/talk/maischberger/sendung/maischberger-870.html
maischberger;https://daserste.de/information/talk/maischberger/sendung/maischberger-868.html
markus_lanz;https://www.zdf.de/gesellschaft/markus-lanz/markus-lanz-vom-20-juni-2024-100.html
markus_lanz;https://www.zdf.de/gesellschaft/markus-lanz/markus-lanz-vom-20-juni-2024-100.html
markus_lanz;https://www.zdf.de/gesellschaft/markus-lanz/markus-lanz-vom-19-juni-2024-100.html
markus_lanz;https://www.zdf.de/gesellschaft/markus-lanz/markus-lanz-vom-18-juni-2024-100.html
markus_lanz;https://www.zdf.de/gesellschaft/markus-lanz/markus-lanz-vom-13-juni-2024-100.html
markus_lanz;https://www.zdf.de/gesellschaft/markus-lanz/markus-lanz-vom-12-juni-2024-100.html
markus_lanz;https://www.zdf.de/gesellschaft/markus-lanz/markus-lanz-vom-11-juni-2024-100.html
markus_lanz;https://www.zdf.de/gesellschaft/markus-lanz/markus-lanz-ukraine--leben-mit-dem-krieg-vom-28-november-2023-100.html
maybrit_illner;https://www.zdf.de/politik/maybrit-illner/der-corona-schock-eine-pandemie-und-die-folgen-maybrit-illner-vom-27-juni-2024-100.html
maybrit_illner;https://www.zdf.de/politik/maybrit-illner/europa-hat-gewaehlt-kiews-schicksal-ungewiss-maybrit-illner-vom-13-juni-2024-100.html
maybrit_illner;https://www.zdf.de/politik/maybrit-illner/verteidigung-oder-angriff-wie-weit-darf-kiew-gehen-maybrit-illner-vom-30-mai-2024-100.html
maybrit_illner;https://www.zdf.de/politik/maybrit-illner/protest-gegen-israel-was-unterscheidet-kritik-von-hass-maybrit-illner-vom-16-mai-2024-100.html
maybrit_illner;https://www.zdf.de/politik/maybrit-illner/blockierte-republik-verhindert-die-ampel-den-aufschwung-maybrit-illner-vom-2-mai-2024-100.html
maybrit_illner;https://www.zdf.de/politik/maybrit-illner/russland-china-spionage-vertritt-die-afd-deutsche-interessen-maybrit-illner-vom-25-april-2024-100.html
