sendung;date;title;teaser;guests
anne_will;03.12.2023;Die Welt in Unordnung – Ist Deutschland den Herausforderungen gewachsen?;2023 geht zu Ende, ein weiteres Jahr der Kriege und Krisen. Russlands Krieg gegen die Ukraine dauert unvermindert an. Mit dem brutalen Terrorangriff der Hamas auf Israel hat eine neue Phase des Nahostkonflikts begonnen. Weltweit treten Antisemitismus und Rassismus noch offener zutage, auch in Deutschland. In Dubai wird dieser Tage bei der Klimakonferenz um die Zukunft des Planeten gerungen, in Berlin um die Zukunft des Bundeshaushalts. Deutschland befindet sich in der „Polykrise“, sagt Vizekanzler Robert Habeck. Aber das Vertrauen vieler Bürgerinnen und Bürger in die Problemlösungskompetenz der Bundesregierung ist erschöpft. Wie verändert diese Situation die Gesellschaft? Welche Rolle kann Deutschland bei der Bewältigung der weltweiten Krisen spielen? Was kann für 2024 Zuversicht machen?;Robert Habeck,Navid Kermani,Raphael Gross,Florence Gaub
anne_will;26.11.2023;Regierung in Geldnot – Wie hart trifft es Deutschland?;Auch für 2023 will die Ampel die Schuldenbremse aussetzen. So soll der Haushalt 2023 nachträglich eine rechtlich saubere Grundlage erhalten. Wird die Bundesregierung mit diesem Vorhaben durchkommen? Eine Einigung für den Haushalt des kommenden Jahres ist noch gar nicht in Sicht. Ob bis Jahresende darüber Klarheit herrscht, das ist ungewiss. Kritik kommt von der Opposition. Muss bei sozialpolitischen Projekten wie der Kindergrundsicherung und beim Bürgergeld gekürzt werden, wie CDU-Chef Merz fordert? Soll die Schuldenbremse jetzt grundlegend reformiert oder ausgesetzt werden? Stehen die Milliardenförderungen etwa für Chip-Werke auf der Kippe? Schadet die Ampel mit ihrer Haushaltspolitik den Unternehmen sowie den Bürgerinnen und Bürgern in Deutschland?;Lars Klingbeil,Reiner Haseloff,Marcel Fratzscher,Julia Löhr,Ann-Katrin Büüsker
anne_will;09.07.2023;Nächster Ampelstreit - Wie viel Geld sollen Familien bekommen?;Nach der monatelangen Diskussion um das Heizungsgesetz folgt der nächste Ampelstreit: Um Kinderarmut zu bekämpfen, soll von 2025 an eine Kindergrundsicherung eingeführt werden. Und auch bei diesem Projekt ist keine schnelle Einigung in Sicht. Diesmal: grünes Familienministerium gegen FDP-geführtes Finanzministerium. Beide sind sich über die Kosten nicht einig. Christian Lindner hat dafür zwei Milliarden Euro jährlich vorgemerkt. Familienministerin Lisa Paus veranschlagt hingegen mehr. Uneinigkeit auch darüber, ob als Gegenfinanzierung das Elterngeld für einkommensstarke Eltern abgeschafft werden soll. Wäre diese Abschaffung eine gerechte Maßnahme oder ein falsches Signal für die Gleichstellung? Kann die geplante Kindergrundsicherung die Kinderarmut in Deutschland verringern? Wie sieht eine gerechte Sozial- und Familienpolitik aus?;Lisa Paus,Kai Wegner,Johannes Vogel,Julia Friedrichs,Helene Bubrowski
anne_will;02.07.2023;Machtkampf in Russland – Chance für die Ukraine?;Russland nach dem Aufstand der Wagner-Söldner: Jewgeni Prigoschin – der Chef der Gruppe – ist mittlerweile im Exil in Belarus, heißt es. Russlands Präsident Putin gibt sich volksnah, geht zugleich aber hart gegen mögliche Unterstützer Prigoschins vor. Doch wie tief sind die Risse in Wladimir Putins Herrschaftssystem? Geht von einem geschwächten Präsidenten eine noch größere Gefahr aus? Muss sich die Nato darauf einstellen? Und: Was bedeuten die Ereignisse in Russland für den Krieg gegen die Ukraine? Sollten die Verbündeten in dieser Situation ihre militärische Unterstützung noch ausweiten? Sollte die Ukraine jetzt die konkrete Aussicht auf einen Nato-Beitritt bekommen?;Ralf Stegner,Norbert Röttgen,Claudia Major,Irina Scherbakowa,Michael Thumann
anne_will;25.06.2023;Machtkampf in Russland – Verliert Putin die Kontrolle?;Jewgeni Prigoschin, Chef der Wagner-Gruppe, stellt sich gegen Wladimir Putin. Lange waren sie Verbündete, jetzt lässt Prigoschin seine Truppen Richtung Moskau marschieren. Derzeit ist offen, wie die Konfrontation ausgeht. Wie gefährlich ist dieser Angriff für die Macht des russischen Präsidenten? Was sagt der Wagner-Vorstoß über die Stärke der russischen Armee aus? Welche Folgen hat die Auseinandersetzung zwischen Prigoschin und dem Kreml für den Fortgang des Krieges gegen die Ukraine? Eröffnet sie der Ukraine neue Möglichkeiten für ihre Gegenoffensive? Wie sollten die Verbündeten der Ukraine jetzt reagieren?;Lars Klingbeil,Roderich Kiesewetter,Sabine Adler,Carlo Masala,Ina Ruck,Vassili Golod
anne_will;18.06.2023;„Heizungsstreit und Ampel-Frust – Ist die Regierung noch handlungsfähig?“;In letzter Sekunde hat sich die Ampel jetzt geeinigt – auf „Leitplanken“ für das neue Heizungsgesetz. So kann dieses vielleicht noch vor der Sommerpause vom Bundestag verabschiedet werden. Der Streit um die Wärmewende – nicht der einzige Krach innerhalb der Ampel. Dabei sind SPD, Grüne und FDP vor anderthalb Jahren noch optimistisch als „Fortschrittskoalition“ gestartet. Was ist von der anfänglichen Aufbruchsstimmung geblieben? Wie viel Gestaltungsmöglichkeiten hat eine Regierung, die sich bei vielen Vorhaben uneins ist? Haben die Grünen, hat insbesondere Robert Habeck die Bereitschaft der Gesellschaft für den Klimaschutz überschätzt? Und: Wie kann Klimapolitik erfolgreich gemacht werden, mit mehr Staat oder mehr Markt?;Robert Habeck,Veronika Grimm,Wolfgang Merkel
anne_will;11.06.2023;Härtere Regeln, schnellere Verfahren – Was ändert Europas neue Asylpolitik? ;Nach jahrelangem Ringen: Die EU-Innenministerinnen und -minister haben sich auf eine Reform des Asylsystems geeinigt. Verfahren sollen verschärft werden. Menschen, die aus Ländern mit geringer Anerkennungsquote kommen, sollen in Einrichtungen an den Außengrenzen festgesetzt werden. Dort wird über ihren Anspruch auf Asyl dann im Schnellverfahren entschieden. Im vergangenen Jahr haben so viele Menschen in Europa einen Asylerstantrag gestellt wie seit 2016 nicht mehr: gut 880.000. Und im ersten Quartal 2023 waren es bereits mehr als 250.000. Sind die EU-Pläne sinnvoll, um irreguläre Migration einzudämmen? Oder schottet sich Europa dadurch zu sehr ab? Wird die Flüchtlingspolitik zur Zerreißprobe für die Grünen?;Saskia Esken,Omid Nouripour,Jens Spahn,Ruud Koopmans,Franziska Grillmeier
anne_will;04.06.2023;Erschöpft und unzufrieden – Verliert die Ampel beim Klimaschutz den Rückhalt in der Bevölkerung?;Die Klimapolitik der Bundesregierung verunsichert die Bevölkerung. Laut aktuellem ARD-DeutschlandTrend von infratest dimap sorgen sich mehr als zwei Drittel der Menschen in Deutschland, dass sie die geplante Heizwende finanziell überfordern werde. Knapp drei Viertel fühlen sich über die Pläne zum klimaschonenden Heizen nicht ausreichend informiert. Womöglich auch deshalb war die Unzufriedenheit mit der Arbeit der Ampel noch nie so hoch. Riskiert die Regierung mit ihrer Politik und ihrer Kommunikation die Bereitschaft der Bevölkerung zum Klimaschutz – auch, weil Teile der Gesellschaft mittlerweile „veränderungserschöpft“ seien, wie der Soziologe Steffen Mau sagt? Kommt die soziale Abfederung bei der Klimapolitik zu kurz? Verlieren die Bürgerinnen und Bürger das Vertrauen in die Koalition?;Katharina Dröge,Christian Dürr,Philipp Amthor,Steffen Mau,Jana Hensel
anne_will;14.05.2023;Hoher Anspruch, harte Wirklichkeit - Hat die Ampel Lösungen für die aktuellen Krisen?;Die Bundesregierung steht in der Kritik. Seit Wochen wird über die „Trauzeugen-Affäre“ von Patrick Graichen, Staatssekretär im Wirtschaftsministerium, gestritten. Sollte Robert Habeck ihn aus dem Amt entlassen? Oder handelt es sich bei dem Konflikt in Wahrheit um eine Kampagne gegen die geplante Wärmewende, wie die Grünen behaupten? Auch die Debatte um die Geflüchtetenpolitik geht nach dem Bund-Länder-Gipfel weiter. Braucht Deutschland eine neue Asylpolitik? Wird der Ausgang der Türkei-Wahlen am Geflüchteten-Abkommen mit der EU etwas ändern? Mit der Arbeit der Ampel sind derzeit laut DeutschlandTrend mehr als zwei Drittel der Deutschen unzufrieden. Spiegelt sich dies auch bei der Wahl in Bremen am Sonntag wider?;Lars Klingbeil,Ricarda Lang,Amira Mohamed Ali,Mario Czaja,Robin Alexander
anne_will;07.05.2023;Gegenoffensive der Ukraine – Kann sie die Wende im Krieg bringen?;Russland beschießt die Ukraine weiterhin massiv mit Raketen, greift Städte und Zivilbevölkerung an. Zugleich kann die erwartete Gegenoffensive der ukrainischen Truppen jeden Tag beginnen. Präsident Selenskyj besucht verbündete europäische Staaten, wirbt um weitere Unterstützung. Laut Berichten ist für kommende Woche auch ein Besuch in Berlin geplant, erstmals seit Beginn des russischen Angriffs im Februar vergangenen Jahres. Welche Unterstützung benötigt die Ukraine, um die russischen Truppen zurückdrängen zu können? Was, wenn die erwartete Frühjahrsoffensive der Ukraine scheitert? Und: Sollte die Ukraine nach dem Krieg schnell in die Nato aufgenommen werden?;Saskia Esken,Norbert Röttgen,Wolfgang Ischinger,Andrij Melnyk,Nicole Deitelhoff
anne_will;30.04.2023;Die Klima-Politik der Ampel – Öko-Wirtschaftswunder oder Gefahr für den Standort Deutschland? ;Ein überraschender Milliarden-Deal, während Deutschland kontrovers über die „Heizwende“ debattiert: Das hessische Familienunternehmen Viessmann verkauft seine Klimasparte inklusive des Wärmepumpen-Geschäfts an einen US-Konzern. Ist das eine gute Nachricht für den Standort Deutschland? Besteht die Gefahr, nach der Solarindustrie eine weitere Zukunftsbranche zu verlieren? Können Investitionen in den Klimaschutz für ein neues Wirtschaftswunder sorgen? Deutschland hat sich zum Erreichen der Klimaziele gesetzlich verpflichtet. Können wir uns bei konsequentem Klimaschutz noch Zeit lassen? Braucht es für das Erreichen mehr Verbote und Regulierungen?;Stephan Weil,Franziska Brantner,Thorsten Frei,Veronika Grimm,Bernd Ulrich
anne_will;23.04.2023;Das Ende von Öl- und Gasheizungen – Höchste Zeit oder überstürzter Plan?   ;Heizen in Deutschland soll klimafreundlich werden. Aber wie? Die Bundesregierung hat sich jetzt geeinigt: Von kommendem Januar an sollen möglichst alle neu eingebauten Heizungen zu mindestens 65 Prozent mit erneuerbaren Energien laufen. Über Ausnahmen, Übergangsregelungen und Förderungsmöglichkeiten wurde bis zuletzt gerungen. Und das Ringen geht weiter. Reichen Fachpersonal und Material, um die Pläne der Bundesregierung in den kommenden Jahren umzusetzen? Ist das Förderkonzept zum Einbau klimafreundlicher Heizungen ausreichend? Gleichzeitig verschärft sich die Wohnungskrise in Deutschland: Führt die Wärmewende dazu, dass Wohnen teurer wird und sich der Traum vom Eigenheim für viele nicht erfüllen kann?;Klara Geywitz,Jens Spahn,Kai Warnecke,Hermann-Josef Tenhagen,Ann-Kathrin Büüsker
anne_will;19.11.2023;Ampel im Milliarden-Loch - Zerbricht die Regierung daran?;Es ist ein Urteil, das der Ampel-Koalition große Probleme bereiten dürfte. Das Bundesverfassungsgericht hat den zweiten Nachtragshaushalt für das Jahr 2021 für verfassungswidrig und damit „nichtig“ erklärt. Unerwartet fehlen damit der Regierung fest eingeplante 60 Milliarden Euro. Diese waren für viele Klimaschutzmaßnahmen und den klimaneutralen Umbau der Industrie vorgesehen, zum Beispiel für die Förderung von Elektromobilität. Wo sollen die fehlenden Milliarden künftig herkommen? Muss mehr gespart werden? Werden die Steuern erhöht oder sollte die Schuldenbremse gelockert oder gar aufgehoben werden? Darüber herrscht Uneinigkeit innerhalb der Ampel. Wird das Regierungsbündnis diese neuen Herausforderungen überstehen?;Katrin Göring-Eckardt,Alexander Dobrindt,Johannes Vogel,Clemens Fuest,Melanie Amann
anne_will;16.04.2023;Deutschland schaltet ab – Ist der Atom-Ausstieg die richtige Entscheidung?;Am Samstag werden die letzten drei Atomkraftwerke endgültig vom Netz genommen. Nach rund sechs Jahrzehnten ist Schluss mit der Nutzung der Kernenergie in Deutschland. Ein Tag der Freude für Grüne und Anti-AKW-Bewegung. Kritik am jetzigen Ausstieg kommt dagegen aus der Wirtschaft und von der Union. Auch die FDP plädiert dafür, nicht sofort mit dem Rückbau der letzten AKW zu beginnen, sondern sie als Reserve zu behalten. Kann die Energiewende gelingen, wenn Deutschland zeitgleich aus Atom und Kohle aussteigen möchte? Geht Deutschland damit einen Sonderweg und gefährdet seine Energiesicherheit? Ist die deutsche Energiepolitik glaubwürdig und durchdacht?;Reiner Haseloff,Johannes Vogel,Katrin Göring-Eckardt,Harald Lesch,Dorothea Siems
anne_will;26.03.2023;Schluss mit Gas, Öl, Diesel und Benzin – Hat die Ampel dafür einen Plan?;Der Weltklimarat wird deutlich: Um das angestrebte Ziel einer begrenzten Erderwärmung von maximal 1,5 Grad zu erreichen, sei weltweit eine wirklich drastische Reduzierung des CO2-Ausstoßes noch in diesem Jahrzehnt nötig. Welche klimapolitischen Maßnahmen in Deutschland konkret eingeführt werden sollen – darüber gibt es Streit in der Bundesregierung. Vizekanzler Robert Habeck von den Grünen hat den Ampel-Partnern Verhinderung von Fortschritt vorgeworfen. Ist diese Kritik berechtigt? Ist das für kommenden Januar angedachte Verbot des Einbaus von herkömmlichen Öl- und Gasheizungen sinnvoll, ist es umsetzbar? Hat Deutschland in der Debatte um das Verbrenner-Aus Glaubwürdigkeit in Europa verloren?;Konstantin Kuhle,Jürgen Trittin,Jens Spahn,Lamia Messari-Becker,Petra Pinzler
anne_will;19.03.2023;Rüsten für den Frieden – Welche Lehren zieht Deutschland aus der Zeitenwende?;Spätestens seit dem erneuten Angriff Russlands auf die Ukraine ist klar: Die Zeit des Friedens in Europa ist vorbei. Ist Deutschland für diese neue Phase gerüstet? Verteidigungsminister Boris Pistorius warnt, die deutschen Streitkräfte seien im Falle eines Angriffskrieges nicht verteidigungsfähig. In dieser Woche hat die Wehrbeauftragte Eva Högl noch zusätzlich Alarm geschlagen: „Die Bundeswehr hat von allem zu wenig. Und sie hat seit dem 24. Februar 2022 noch weniger.“ Wird ihr Weckruf Konsequenzen haben? Ist die Forderung „Frieden schaffen ohne Waffen“ endgültig überholt? Wie wird sich Deutschland in dieser Zeitenwende verändern?;André Wüstner,Ralf Stegner,Gerhart Baum,Hedwig Richter,Nicole Deitelhoff
anne_will;12.03.2023;Verbot von Öl- und Gasheizungen, Aus für den Verbrenner – Ist das wirklich durchdacht?  ;Deutschland muss bis 2045 klimaneutral sein. Deswegen will Wirtschaftsminister Robert Habeck den Einbau von neuen Gas- und Ölheizungen vom kommenden Jahr an praktisch verbieten. Das stößt auf Kritik – auch innerhalb der Ampelkoalition. Die FDP stellt sich dagegen. Auch beim Thema Verkehr: Minister Volker Wissing hat angekündigt, das für 2035 auf europäischer Ebene geplante Aus für Verbrenner-Motoren zu blockieren – wenn es keine Ausnahmen für sogenannte E-Fuels gibt, synthetische Kraftstoffe, die klimafreundlich sein sollen. Können die Klimaziele ohne Verbote erreicht werden? Muss der Verbrenner-Motor erhalten bleiben? Überfordert der Plan, schnell auf Heizen mit Öl und Gas zu verzichten, die Bevölkerung?;Omid Nouripour,Christian Dürr,Stephan Weil,Gitta Connemann,Henrike Roßbach
anne_will;05.03.2023;„Mit der Waffe an der Schläfe“ – Sind Friedensverhandlungen mit Putin derzeit möglich? ;Ein Ende von Russlands Krieg gegen die Ukraine ist nicht absehbar. Wie kann Frieden erreicht werden? Mehr Waffen, mehr Verhandlungsbereitschaft oder hilft nur beides? Bundeskanzler Olaf Scholz hat Kiew weitere Unterstützung zugesagt, in seiner Regierungserklärung sagte er: „Mit der Waffe an der Schläfe lässt sich nicht verhandeln – außer über die eigene Unterwerfung.“ Die Deutschen finden mehrheitlich, dass die Waffenlieferungen an die Ukraine angemessen seien. Gleichzeitig sagt eine Mehrheit, die diplomatischen Bemühungen Deutschlands zur Beendigung des Krieges gingen nicht weit genug. Kann man mit Putin verhandeln? Wer könnte einen Frieden vermitteln? Und worüber könnte überhaupt verhandelt werden?;Kevin Kühnert,Jan van Aken,Ljudmyla Melnyk,Christoph Heusgen,Annette Kurschus
anne_will;12.02.2023;Berlin-Wahl, zweiter Versuch – Neustart oder weiter so?;Berlin wählt am Sonntag sein Landesparlament. Schon wieder – denn die Wahl vor knapp anderthalb Jahren wurde wegen schwerwiegender Pannen für ungültig erklärt. Bekommt die rot-grün-rote Koalition für das damalige Chaos und die Politik in der Hauptstadt die Quittung? Bleibt Franziska Giffey Regierende Bürgermeisterin oder zieht jemand anderes ins Rote Rathaus ein? Gut zwei Drittel der Berlinerinnen und Berliner sind nicht zufrieden damit, wie sie regiert werden. Ähnlich groß ist der Anteil der mit der Bundesregierung unzufriedenen Deutschen. Woran liegt das? Kann die Union, die größte Opposition im Bund, davon profitieren? Und was bedeuten so geringe Zufriedenheitswerte für das Vertrauen in die parlamentarische Demokratie?;Saskia Esken,Omid Nouripour,Jens Spahn,Ursula Münch,Michael Bröcker
anne_will;05.02.2023;Auto oder Bahn, Tempo oder Limit - Steckt die Verkehrswende im Stau?;Jahrzehntelang stand das Auto im Mittelpunkt der deutschen Verkehrspolitik. „Freie Fahrt für freie Bürger“, lautete das Motto. Und so gibt es in Deutschland – anders als in fast allen Staaten weltweit – auf Autobahnen kein generelles Tempolimit. Soll das so bleiben? In der Ampel-Regierung streiten derzeit FDP und Grüne darüber, ob der Ausbau von Autobahnen vereinfacht und beschleunigt werden muss. Oder sollten Projekte wie die Verbesserung des Schienennetzes bevorzugt behandelt werden? Im Mai soll das 49-Euro-Ticket für den Nah- und Regionalverkehr starten. Ist das Anreiz genug, um auf Bus und Bahn umzusteigen?;Ricarda Lang,Christian Dürr,Thorsten Frei,Katja Diehl,Robin Alexander
anne_will;29.01.2023;Leopard-Panzer für die Ukraine – Die richtige Entscheidung?;Seit dieser Woche steht fest: Deutschland will der Ukraine Leopard-2-Panzer zur Verfügung stellen. Zudem wird die Bundesregierung anderen Verbündeten genehmigen, ebenfalls diesen Panzertyp zu liefern. Der Verteidigungsminister bezeichnet die Entscheidung als „historisch“. Wie wird der Einsatz der Kampfpanzer den Kriegsverlauf beeinflussen? Birgt die Lieferung auch eine Gefahr für die Verbündeten? Die Ukraine fordert bereits weitere Waffen, u.a. Kampfflugzeuge. Wo verlaufen bei der militärischen Unterstützung jetzt die „roten Linien“? Und: Hat Bundeskanzler Olaf Scholz in den vergangenen Wochen international Vertrauen verspielt oder – im Gegenteil – diplomatisches Geschick bewiesen?;Mit Kevin Kühnert,Janine Wissler, Marina Weisband,Carlo Masala,Georg Mascolo
anne_will;22.01.2023;Bedingt abwehrbereit – schafft Deutschland so die Zeitenwende?;Das Treffen der Ukraine-Kontaktgruppe in Ramstein ist für den neuen Verteidigungsminister Boris Pistorius der erste Auftritt auf großer Bühne. Und gleich ein entscheidender: Er sagte am Freitag, Deutschland bereite sich auf den Fall einer möglichen Lieferung von „Leopard 2“-Kampfpanzern in die Ukraine vor. Entschieden worden sei über die Lieferung aber noch nicht. Nicht das einzige Thema, um das sich der Verteidigungsminister schnell kümmern muss. Denn bei der Bundeswehr gibt es viele Baustellen. Wie kann sie fit gemacht werden für die Aufgaben der „Zeitenwende“? Ist Deutschland bei der Lieferung von Kampfpanzern tatsächlich „der Bremsklotz“, wie die CDU behauptet? Und wird Deutschland dem „Anspruch einer Führungsmacht“ gerecht, den SPD-Chef Lars Klingbeil eingefordert hat?;Lars Klingbeil,Roderich Kiesewetter,Sönke Neitzel,Nicole Deitelhoff,im Einzelgespräch Boris Pistorius
anne_will;15.01.2023;Kampf um Lützerath – Zerreißprobe für die deutsche Klimapolitik?;Seit dieser Woche wird Lützerath geräumt. Die kleine Siedlung am Tagebau Garzweiler wurde jahrelang von Klimaaktivistinnen und -aktivisten aus Protest gegen den geplanten Abriss des Ortes und die Nutzung der Braunkohle besetzt. Bund und Land hatten dem Abbau unter Lützerath zugestimmt. Im Gegenzug wird der Kohleausstieg in Nordrhein-Westfalen um acht Jahre auf 2030 vorgezogen. Diesen Kompromiss werfen Mitglieder der Klimabewegung auch den Grünen vor. Zu einer Demonstration am Samstag werden mehrere tausend Protestierende in der Gegend erwartet. Wofür ist Lützerath ein Symbol? Ist der Protest gegen die Räumung gerechtfertigt? Ist die deutsche Klimapolitik konsequent genug?;Ricarda Lang,Herbert Reul,Michael Hüther,Luisa Neubauer,Mojib Latif,im Einzelgespräch in Lützerath: Greta Thunberg
anne_will;12.11.2023;Terror und Krieg in Nahost – Wie kann das enden?;Einen Monat nach dem Terrorangriff auf Israel ist ein Ende des Krieges nicht in Sicht. Mehr als 200 Geiseln befinden sich noch immer in den Händen der Hamas. Israel wird täglich mit Raketen beschossen. Die israelische Armee ist tief in den nördlichen Gaza-Streifen eingedrungen. Nach UN-Schätzungen sind etwa eine Million Menschen auf der Flucht. Tausende Palästinenserinnen und Palästinenser wurden bei Angriffen getötet. Ändert eine tägliche Feuerpause von wenigen Stunden etwas an der Situation der Zivilbevölkerung in Gaza? Wie kann der Krieg in Nahost enden? Weltweit gibt es pro-palästinensische Demonstrationen, auch in Deutschland. Die Zahl antisemitischer Straftaten nimmt zu. Jüdinnen und Juden fühlen sich in Deutschland nicht mehr sicher. Wie kann in diesen Zeiten der gesellschaftliche Zusammenhalt in Deutschland gestärkt werden?;Omid Nouripour,Carl Bildt,Jenny Havemann,Abdul Chahin,Guido Steinberg,im Interview Margot Friedländer
anne_will;11.12.2022;Razzia bei „Reichsbürgern“ – Wie groß ist die Terrorgefahr durch Staatsfeinde?;Es war eine der größten Razzien in der Geschichte der Bundesrepublik. Im Visier: die „Reichsbürger“-Szene. Deutschlandweit wurden diese Woche mehr als 150 Wohnungen, Häuser und Büros durchsucht, 25 Personen wurden festgenommen, darunter eine ehemalige Bundestagsabgeordnete der AfD. Der Vorwurf: Mitgliedschaft oder Unterstützung einer terroristischen Vereinigung. Laut Generalbundesanwalt hatten die Festgenommenen einen Staatsstreich geplant. Wie gefährlich ist die „Reichsbürger“-Szene für unsere Demokratie? Handeln Bund und Länder entschlossen genug gegen Staatsfeinde? Und: Haben deutsche Sicherheitsbehörden ein Extremismusproblem?;Nancy Faeser,Herbert Reul,Janine Wissler,Gerhart Baum,Florian Flade
anne_will;13.11.2022;Weniger Druck, mehr Geld - Ist das neue Bürgergeld gerecht?;Vom kommenden Jahr an soll Hartz IV durch das Bürgergeld abgelöst werden. Das möchte zumindest die Ampelkoalition, allen voran die SPD. Die Union hat diese Woche im Bundestag dagegen gestimmt und kündigte an, das Vorhaben im Bundesrat zu blockieren. Sie fürchtet, dass das Bürgergeld die Motivation von Arbeitssuchenden senken werde, einen Job anzunehmen. Außerdem sei es ungerecht, dass das sogenannte Schonvermögen, also das Ersparte der Bedürftigen, länger unangetastet bleiben soll. Ist es richtig, den Druck auf Arbeitssuchende zu verringern und Sanktionen zu lockern? Ist das Bürgergeld ein Schritt in Richtung eines bedingungslosen Grundeinkommens, wie Friedrich Merz meint? Und: Hilft das Bürgergeld gegen den Fach- und Arbeitskräftemangel?;Kevin Kühnert,Katja Kipping,Carsten Linnemann,Clemens Fuest,Nele Thönnessen
anne_will;06.11.2022;Raus aus der Abhängigkeit von Autokraten – wie ernst ist es Kanzler Scholz mit der Zeitenwende?;Der Kurzbesuch von Olaf Scholz in Peking – eine umstrittene Reise. Kritik kam sogar aus Reihen der Ampel-Partner. Im China-Tross des Kanzlers: eine hochkarätig besetzte Wirtschaftsdelegation. Aber sollte Deutschland mit einem Land wie China oder anderen autokratischen Staaten Geschäfte machen wie bisher oder seine Abhängigkeiten reduzieren? Für viel Unmut sorgt die geplante chinesische Beteiligung an einem Hamburger Hafenterminal. Mehr als zwei Drittel der Deutschen lehnen sie ab. Hat die Bundesregierung falsch entschieden? Nicht verstehen können viele derzeit auch die Reaktion der Ampel auf die Proteste im Iran. Sollten Kanzler und Außenministerin entschiedener handeln?;Omid Nouripour,Peter Tschentscher,Stormy-Annika Mildner,Norbert Röttgen,Melanie Amann
anne_will;16.10.2022;Raketen auf zivile Ziele – Ist Putin noch zu stoppen?;Wladimir Putin treibt die Eskalation des Krieges gegen die Ukraine weiter voran. Er lässt Städte und lebensnotwendige Infrastruktur im gesamten Land massiv mit Raketen beschießen. Wie Putin betont: als Reaktion auf die Explosion auf der Brücke zur von Russland völkerrechtswidrig annektierten Krim. Und immer wieder deutet der russische Präsident einen möglichen Einsatz von Atomwaffen an. Wie ernst müssen diese Drohungen genommen werden? Was ist dem russischen Machthaber in diesem Krieg noch zuzutrauen? Wie kann mit Russland zukünftig wieder eine Verständigung möglich sein? Und geht das überhaupt mit Putin?;Martin Schulz,Marie-Agnes Strack-Zimmermann,Marina Weisband,Sarah Pagung,Viktor Jerofejew
anne_will;25.09.2022;Niemand soll im Winter frieren oder hungern müssen - Kann die Regierung dieses Versprechen halten?;Die stark gestiegenen Energiekosten belasten Wirtschaft und private Haushalte zunehmend. Um die Bevölkerung zu entlasten, hat die Bundesregierung mittlerweile drei milliardenschwere Pakete auf den Weg gebracht. Jetzt sollen Deutschlands wichtigster Gasimporteur Uniper und die ehemalige Gazprom Germania verstaatlicht werden, um sie vor der Pleite zu bewahren und zu verhindern, dass Menschen ihre Wohnungen nicht heizen können. Fällt damit die heftig umstrittene Gasumlage, die alle Gaskundinnen und -kunden demnächst bezahlen sollen? Werden die Milliarden aus den Entlastungspaketen gerecht verteilt? Und: Was bedeutet es für eine Gesellschaft, wenn viele Menschen nicht wissen, wie sie die extrem hohen Preise bezahlen sollen?;Christian Lindner,Karl-Josef Laumann,Julia Friedrichs,Clemens Fuest
anne_will;18.09.2022;Kampfpanzer für die Ukraine – warum zögert die Bundesregierung?;In den vergangenen Tagen hat die ukrainische Armee im Osten des Landes eine Gegenoffensive gestartet und nach eigenen Angaben Putins Truppen auf mehreren tausend Quadratkilometern zurückgedrängt. Zur Unterstützung hat die Bundesregierung jetzt neue Lieferungen schwerer Waffen angekündigt. Jedoch: Die unter anderem von der ukrainischen Regierung geforderten Kampf- und Schützenpanzer westlicher Bauart sind bisher nicht darunter. Sollte Deutschland auch diese Panzer liefern? Wie wahrscheinlich ist ein Sieg der Ukraine in Russlands Angriffskrieg? Und muss die Bundesrepublik eine neue, auch militärische Führungsrolle in Europa einnehmen?;Annalena Baerbock,Michael Müller,Roderich Kiesewetter,Egon Ramms,Anne Applebaum
anne_will;24.07.2022;Weiter abhängig von Putins Gas – Wie schafft Deutschland die Energiewende?;Durch die Pipeline Nord Stream 1 fließt wieder Gas, dabei ist die Auslastung etwa so hoch wie vor den Wartungsarbeiten durch Russland. Dennoch warnt Klaus Müller, Chef der Bundesnetzagentur, dass es unklar sei, ob die Lieferungen stabil blieben: „Nach den Aussagen von Präsident Putin muss man ja Zweifel haben.“ Weil der Gasverbrauch in Deutschland insgesamt sinken müsse und die Speicher voll werden müssten, hat Bundeswirtschaftsminister Robert Habeck jetzt ein neues Maßnahmenpaket vorgestellt. Kann Deutschland dadurch den Gasmangel verhindern? Wie kann Deutschland die Abhängigkeit von russischem Erdgas beenden? Und: Schafft Deutschland die Energiewende?;Katrin Göring-Eckardt,Nina Scheer,Alexander Graf Lambsdorff,Norbert Röttgen,Petra Pinzler
anne_will;17.07.2022;Angst vorm Gasmangel, horrende Preise – wie hart trifft die Krise Deutschland?;Ob nach Ende der Wartungsarbeiten wieder Gas durch die Pipeline Nord Stream 1 nach Deutschland fließt, ist ungewiss. Nicht nur Arbeitgeberpräsident Rainer Dulger befürchtet, Russland werde auf Dauer gar nichts mehr liefern: „Wir stehen vor der größten Krise, die das Land je hatte.“ Die Bundesnetzagentur warnt vor mindestens einer Verdreifachung der Gaspreise für Verbraucherinnen und Verbraucher, DIW-Chef Marcel Fratzscher beklagt „eine dramatische soziale Krise“. Wie sollten insbesondere einkommensschwache Haushalte in der derzeitigen Situation unterstützt werden? Was kann die Regierung tun, um die Energiepreise zu stabilisieren? Und: Sollte im Fall des Ausrufens von Notfallstufe 3 die Bevorzugung von Privathaushalten gegenüber der Industrie bei der Zuteilung von Gas geändert werden?;Ricarda Lang,Jens Spahn,Rainer Dulger,Marcel Fratzscher
anne_will;03.10.2021;Milliardenschwerer „Doppel-Wumms“ gegen die Krise – Muss sich jetzt niemand mehr sorgen?;Die umstrittene Gasumlage wird nun doch in die „Annalen der Geschichte“ eingehen, so Wirtschaftsminister Robert Habeck. Stattdessen sollen demnächst eine Strom- und eine Gaspreisbremse eingeführt werden. Mit insgesamt bis zu 200 Milliarden Euro will die Bundesregierung Unternehmen sowie Verbraucherinnen und Verbraucher bei den Energiepreisen entlasten. Reicht der „Doppel-Wumms“, wie Bundeskanzler Olaf Scholz das neue Hilfspaket der Ampelkoalition bezeichnet, aus, um die Härten der Energiekrise abzufedern? Wie sinnvoll ist es, eine Milliardensumme anzukündigen, bevor klar ist, wie genau die Gaspreisbremse funktionieren soll? Kann die Ampel-Regierung so verlorenes Vertrauen zurückgewinnen?;Kevin Kühnert,Christian Dürr,Andreas Jung,Sabine Werth,Antje Höning
anne_will;03.10.2021;Bilanz der Corona-Politik – Ist Deutschland auf die nächste Welle besser vorbereitet?;Im dritten Corona-Jahr befindet sich Deutschland in einer „Sommerwelle“. Die 7-Tage-Inzidenz steigt, ebenso die Zahl der an Corona Erkrankten auf Intensivstationen. Schutzmaßnahmen wie Test- oder Maskenpflicht jedoch wurden bereits stark reduziert. Jetzt hat der Sachverständigenausschuss seine Bewertung der Corona-Maßnahmen vorgelegt, diese gilt als Grundlage für das weitere Vorgehen in der Corona-Politik. Wird es neue Maßnahmen geben? Kommt eine altersbezogene Impfpflicht? Ist es sinnvoll, dass seit Donnerstag die Bürgertests für die meisten Menschen nicht mehr kostenlos angeboten werden? Und: Ist Deutschland gut auf kommende Pandemie-Wellen vorbereitet?;Karl Lauterbach,Christine Aschenberg-Dugnus,Ricardo Lange,Christina Berndt
anne_will;22.10.2023;Neuer Krieg in Nahost – Gibt es noch einen Ausweg?;Rund zwei Wochen nach dem Terrorangriff der Hamas ist die erwartete Bodenoffensive der israelischen Armee noch nicht gestartet. Im Gaza-Streifen befinden sich Hunderttausende auf der Flucht, die humanitäre Situation dort ist dramatisch. Die Explosion vor einem Krankenhaus in Gaza mit vielen Toten hat die Lage weiter zugespitzt. In dieser Woche waren Bundeskanzler Scholz, US-Präsident Biden und der britische Premier Sunak zu Solidaritätsbesuchen in Tel Aviv – auch, um mit der Regierung Netanjahu über die Versorgung des Gaza-Streifens zu beraten. Wie lässt sich die Lage verbessern? Die Hamas hat zwei Geiseln freigelassen. Gibt das Hoffnung für die anderen? Kann eine israelische Bodenoffensive den Terror der Hamas beenden, zugleich die Zivilbevölkerung schonen? Und: Droht in Nahost ein neuer langer Krieg, in den auch Israels Nachbarstaaten eingreifen?;Ron Prosor,Norbert Röttgen,Florence Gaub,Yassin Musharbash,Hoda Salah,Arye Sharuz Shalicar
anne_will;20.09.2020;Ein halbes Jahr Corona-Krise – geht Deutschland mit der richtigen Strategie in den Herbst?;<br/>;Mit Malu Dreyer,Ranga Yogeshwar,Hendrik Streeck,Marina Weisband,Frank Ulrich Montgomery
anne_will;03.05.2020;Raus aus dem Corona-Stillstand - hat die Regierung hierfür den richtigen Plan?;<br/>;Olaf Scholz,Hildegard Müller,Markus Söder,Robert Habeck,Jutta Allmendinger
anne_will;15.10.2023;Nach dem Terror-Angriff auf Israel – Droht ein Flächenbrand in Nahost?;Israel befindet sich im Krieg. Bei dem Angriff der Hamas haben Terroristen Massaker verübt, mehr als tausend Menschen ermordet und mehr als hundert Geiseln genommen. Jetzt steht offenbar eine Bodenoffensive der israelischen Armee im Gaza-Streifen bevor. Bereits in den vergangenen Tagen sind bei israelischen Luftangriffen auf den Küstenstreifen mehr als tausend Palästinenserinnen und Palästinenser gestorben. Kann Israel dem Terror der Hamas diesmal tatsächlich ein Ende setzen? Wie sollten die Verbündeten Israel dabei unterstützen? Was folgt in diesem Zusammenhang konkret aus der Feststellung, die Sicherheit Israels sei deutsche Staatsräson? Und: Wie verändert der neue Krieg die Sicherheitslage in Nahost? Droht ein Flächenbrand? Welche Rolle spielt dabei der Iran?;Annalena Baerbock,Kevin Kühnert,Gerhard Conrad,Michael Wolffsohn,Arye Sharuz Shalicar,Natalie Amiri
anne_will;08.10.2023;ANNE WILL nach den Wahlen in Bayern und Hessen;Am Sonntag wird in Bayern und Hessen gewählt. In jüngsten Umfragen liegen CSU bzw. CDU deutlich vorn. Das Rennen um die jeweils zweitmeisten Stimmen dagegen ist völlig offen. Profitieren die Freien Wähler in Bayern von der Diskussion um ihren Vorsitzenden Hubert Aiwanger? Wie geht die Wahl für Bundesinnenministerin Nancy Faeser in Hessen aus, wo sie als Spitzenkandidatin für die SPD antritt? Werden die Grünen für die große Unzufriedenheit mit der Ampel-Regierung in Berlin besonders abgestraft? Auffällig in diesem Wahlkampf: Der Ton gegenüber den politischen Mitbewerberinnen und Mitbewerbern ist außergewöhnlich scharf. Wie verändert diese Art der Auseinandersetzung die politische Kultur hierzulande? Und: Zeigen die Wahlergebnisse einen zunehmenden Vertrauensverlust in die etablierten Parteien?;Das Thema dieskutieren Saskia Esken,Cem Özdemir,Karin Prien,Nicole Deitelhoff,Robin Alexander
anne_will;24.09.2023;An der „Belastungsgrenze“ – Schafft Deutschland eine bessere Flüchtlingspolitik?;Viele Kommunen sehen sich durch die zunehmende Zahl an Geflüchteten überfordert. Bundespräsident Frank-Walter Steinmeier spricht von einer „Belastungsgrenze“, an der Deutschland inzwischen sei. In diesem Jahr haben bereits mehr als 200.000 Menschen in Deutschland einen Asylantrag gestellt. Darüber hinaus leben mehr als eine Million ukrainische Kriegsflüchtlinge im Land. Bayerns Ministerpräsident Markus Söder von der CSU hat jetzt eine „Integrationsgrenze“ für Asylsuchende ins Spiel gebracht. Bundesinnenministerin Nancy Faeser von der SPD lehnt diese Forderung ab. Ist eine Obergrenze für Geflüchtete umsetzbar? Muss die Zahl der nach Deutschland kommenden Menschen reduziert werden? Wie kann Migration dauerhaft gesteuert werden? Werden die Kommunen bei der Versorgung und Integration von Geflüchteten alleingelassen?;Nancy Faeser,Markus Söder,Frank Rombey,Victoria Rietig,Isabel Schayani
anne_will;17.09.2023;Mühsame Offensive, ferner Frieden – Braucht die Ukraine noch mehr Unterstützung?;Die Gegenoffensive der Ukraine kommt mühsam voran. Auch deswegen wiederholte Außenminister Dmytro Kuleba diese Woche gegenüber Deutschland die Forderung nach Lieferung von Taurus-Marschflugkörpern, also Waffen mit großer Reichweite. Die Ukraine steht unter Zeitdruck: Es ist ungewiss, ob der wichtigste Verbündete USA nach der Präsidentschaftswahl im kommenden Jahr und einem möglichen Sieg Donald Trumps die Unterstützung aufrechterhält. Auf ihrer US-Reise hat sich Außenministerin Annalena Baerbock diese Woche ein Bild von der Stimmung im Land gemacht. Werden die USA die Ukraine weiterhin verlässlich unterstützen? Sollte Deutschland Marschflugkörper an die Ukraine liefern? Was führt zum Frieden?;Michael Roth,Roderich Kiesewetter,Sahra Wagenknecht,Karl Schlögel,Rieke Havertz
anne_will;10.09.2023;Der Fall Aiwanger – Wie groß ist der Schaden für die politische Kultur?;Die Flugblatt-Affäre um Hubert Aiwanger, den stellvertretenden Ministerpräsidenten von Bayern und Chef der Freien Wähler, hat eine heftige Diskussion ausgelöst. Die Süddeutsche Zeitung hatte berichtet, dass in den 80er-Jahren in seiner Schultasche ein antisemitisches Pamphlet gefunden worden war. Aiwanger bestreitet jedoch, dies damals geschrieben zu haben und sieht sich als Opfer einer Kampagne. Ist es richtig, dass Ministerpräsident Markus Söder seinen Stellvertreter nicht entlassen hat? Wie ist zu erklären, dass Hubert Aiwanger und die Freien Wähler trotz der Vorwürfe an Zustimmung gewinnen? Was sagt die Flugblatt-Affäre über Rechtspopulismus und Antisemitismus in Deutschland aus?;Günther Beckstein,Florian Streibl,Nicole Deitelhoff,Marina Weisband,Roman Deininger
hart_aber_fair;03.06.2024;Deutschland vor der Fußball-EM: Wie geht ein zweites Sommermärchen?;"In wenigen Tagen ist es soweit: Die Fußball-EM in Deutschland beginnt. Wie stehen diesmal die Chancen des deutschen Teams: Vorrunden-Aus, Finale? Wie wird die Stimmung sein? Gibt es ein zweites Sommermärchen? 2006 konnte die Nationalmannschaft, zumindest für kurze Zeit, die Gesellschaft zusammenführen. Gelingt das auch 2024?
 |";Tim Bendzko,Lena Cassel,Fatmire Alushi,Philipp Awounou,Fredi Bobic,Lars Klingbeil
hart_aber_fair;27.05.2024;Kampf um Europa: Siegen die Populisten?;"Europa hat die Wahl und es steht viel auf dem Spiel. Gibt es einen Rechtsruck? Welche Rolle spielen dabei die Diskussionen um die AfD-Spitzenkandidaten? Zum ersten Mal stellt sich das Bündnis Sahra Wagenknecht (BSW) zur Wahl. Kann es auf Anhieb erfolgreich sein? Und: Wird die EU auch in Zukunft noch die Ukraine gegen Russland unterstützen?
 |";Anton Hofreiter,Fabio De Masi,Marie-Agnes Strack-Zimmermann,Julia Klöckner,Leif-Erik Holm,Katarina Barley,Gordon Repinski 
hart_aber_fair;13.05.2024;Die verrohte Republik: Wie gefährdet ist die Demokratie?;"Brutale Angriffe auf Politikerinnen und Politiker, eine Verrohung der Debatten, insgesamt eine vergiftete gesellschaftliche Atmosphäre – was ist los in Deutschland? Ist unsere Demokratie in Gefahr? Welche Rolle spielt die AfD? Braucht es schärfere Gesetze?
 |";Beatrix von Storch,Matthias Ecke,Martin Machowecz,Sebastian Fiedler,Dorothee Bär,Katrin Göring-Eckardt,Ulf Buermeyer
hart_aber_fair;06.05.2024;Verzweifelt in vier Wänden: Darum wird Wohnen immer teurer;"400.000 neue Wohnungen pro Jahr hat die Bundesregierung versprochen. Und dieses Ziel bislang weit verfehlt. Was tun gegen die Krise am Bau und hohe Mieten? Wie kann jeder angemessen und bezahlbar wohnen? Durch weniger Vorschriften beim Bauen, durch Enteignungen? Ist der Traum vom Eigentum für viele geplatzt?
 |";Gitta Connemann,Jürgen Michael Schick,Heidi Reichinnek,Hermann-Josef Tenhagen,Kevin Kühnert,Tine Wittler
hart_aber_fair;29.04.2024;Rechtsruck oder Kurs der Mitte: Soll Deutschland konservativer werden?;"Welcher politische Kurs ist richtig fürs Land – ein konservativer, ein linker oder ein Kurs der Mitte? Braucht Deutschland wirklich eine Leitkultur? Wie mit der AfD umgehen? Sollten andere Parteien mit dem Bündnis Sahra Wagenknecht zusammenarbeiten? Und wer wäre der beste Kanzlerkandidat für die Union?
 |";Enissa Amani,Markus Söder,Philipp Türmer,Sahra Wagenknecht,Mario Voigt,Khola Maryam Hübsch),Robin Alexander
hart_aber_fair;25.03.2024;Die Bürgergeld-Debatte: Mehr Druck, mehr Sanktionen, mehr Gerechtigkeit?;"Zurück zum Fordern und Fördern – mit schärferen Sanktionen: Die CDU will das Bürgergeld in seiner jetzigen Form abschaffen. Ist das dringend notwendig oder Populismus auf dem Rücken der Armen? Muss der deutsche Sozialstaat tatsächlich grundlegend reformiert werden? Wie viel Armut, wie viel Reichtum verträgt unsere Gesellschaft?
 |";Ricarda Lang,Philipp Amthor,Thomas Wasilewski,Henry Maske,Anke Rehlinger,Marie-Christine Ostermann
hart_aber_fair;18.03.2024;Populismus, Hass und Fakes: Wie gefährlich sind soziale Medien?;"Millionen sind auf Social Media unterwegs, die Jüngeren vor allem auf TikTok. Das weiß auch die AfD und hat auf dieser Plattform alle anderen Parteien weit abgehängt. Wie gefährlich ist das? Was tun gegen Hass und Populismus im Netz? Sollten TikTok & Co stärker reguliert, sogar verboten werden, wie in den USA gerade diskutiert wird?
 |";Tara-Louise Wittwer,Sascha Lobo,Mischa,Alexander Prinz ,Muhanad Al-Halak,Silke Müller,Karl Lauterbach
hart_aber_fair;11.03.2024;Obergrenzen, Drittstaaten, Bezahlkarte: Geht Asylpolitik wirklich nur so?;"Überforderte Kommunen, wütende Bevölkerung, Bund, Länder und Gemeinden streiten. Lösungen in der Asyl-Debatte sind fern. Wie kann Migration geregelt werden? Durch eine Obergrenze für Geflüchtete? Ist eine Bezahlkarte für Asylsuchende sinnvoll? Wie gelingt Integration? Wie kann die Hilfsbereitschaft vor Ort gestärkt werden?
 |";Gerald Knaus,Hans Reichhart,Katharina Dröge,Cansel Kiziltepe,Armin Schuster,Björn Wiese,Arif Abdullah Haidary,Özgür Özvatan
hart_aber_fair;04.03.2024;Aufrüsten statt Abrüsten: Muss Deutschland wirklich kriegstüchtig werden?;"Die Epoche der Entspannung ist vorbei. Der Ukraine-Krieg geht ins dritte Jahr. Putin droht Europa mit Atombomben. Und Trump den Nato-Verbündeten mit einem Ende der Unterstützung. Muss die Bundeswehr deswegen aufgerüstet werden? Sollte die Wehrpflicht zurückkehren? Wie verändert sich unsere Gesellschaft in diesen Zeiten?
 |";Anton Hofreiter,Ottogerd Karasch ,Serap Güler,André Wüstner,Jan van Aken,Daniel Untch,Jessica Rosenthal
hart_aber_fair;26.02.2024;Berge ohne Schnee: Ist Alpen-Tourismus noch okay?;"Kein Schnee mehr in den Bergen. In Ferienzeiten Blechlawinen Richtung Alpen. Volle Autobahnen ans Meer und überfüllte Urlaubsflieger. Kann das so weitergehen? Hat der Massentourismus in Zeiten der Klimakrise noch eine Zukunft? Wie kann nachhaltiges Reisen aussehen?
 |";Anja Windl,Florian Stern,Katharina Schulze,Felix Neureuther,Michaela Kaniber,Reinhold Messner,Martina von Münchhausen 
hart_aber_fair;19.02.2024;Aufstand der Fans: Machen Investoren den Fußball kaputt?;"Tennis- statt Fußbälle. Fan-Proteste in der 1. und 2. Liga. Gegen milliardenschwere Investoren. Spiele stehen vor dem Abbruch. Schadet oder nutzt der geplante Investoren-Einstieg dem Profi-Fußball? Auf dem Platz nur noch Kommerz?
 |";Marcus Bark,Mia Guethe,Ariane Hingst,Dr. Christoph Breuer,Thomas Kessen,Markus Babbel,Kevin Kühnert,Martin Kind,Nico Heymer
hart_aber_fair;05.02.2024;Was hilft gegen die extrem Rechten: zuhören, demonstrieren, verbieten?;"Im ganzen Land Demos gegen Rechtsextremismus und die AfD. Für knapp 40 Prozent der Deutschen stellen Rechtsextremismus und Rechtspopulismus derzeit die größte Gefahr für die Demokratie dar. Welches Vorgehen ist am hilfreichsten: die AfD verbieten, die Partei und deren Wählerinnen und Wähler ausgrenzen oder ihnen zuhören?
 |";Hildegard Müller,Mario Voigt,Celia Šašić,Tino Schomann,Leif-Erik Holm,Ulf Buermeyer,Collien Ulmen-Fernandes ,Lamya Kaddor
hart_aber_fair;29.01.2024;Wut, Proteste, neue Parteien: Wer hält unser Land noch zusammen?;"Deutschland 2024: Massendemonstrationen gegen Rechtsextremismus. Gleichzeitig Traktor-Proteste gegen die Ampel. Die Unzufriedenheit mit der Bundesregierung ist groß. Woran liegt das? Auch an der Abstiegsangst vieler Menschen? Wer profitiert vom Unmut? Ist unsere Demokratie in Gefahr?
 |";Zuhra Visnjic,Maria Fichte,Carsten Schneider,Sahra Wagenknecht,Nils Kumkar,Carsten Linnemann,Tijen Onaran
hart_aber_fair;11.12.2023;2023 – ein Jahr, das uns das Fürchten lehrt.;"Ukrainekrieg, Hamas-Terror – 2023 ist ein Jahr des Schreckens. Und in Deutschland: Dauerchaos bei der Ampel. Leben wir in einer Welt von Krieg und Unordnung? Wird auch Deutschland immer schwerer regierbar? Was kommt noch – und was gibt Grund zur Hoffnung?
 |";Gerhart Baum,Marie-Agnes Strack-Zimmermann,Katrin Eigendorf,Markus Feldenkirchen,Carlo Masala
hart_aber_fair;04.12.2023;Ratlos beim Weltklimarat: Reißt Deutschland seine Klimaziele?;"Das Hitze-Rekordjahr endet mit einer Weltklimakonferenz – ausgerechnet im Ölstaat Dubai. Wie wichtig ist den Deutschen das Thema noch? Nerven Klebeblockaden und Farbanschläge zu viele Menschen, statt sie wachzurütteln? Scheitern wir so beim Klimaschutz?
 |";Carla Hinrichs,Werner Eckert,Clemens Fuest,Peter Altmaier,Sven Plöger,Julia Verlinden
hart_aber_fair;27.11.2023;Aus Haushaltsloch wird Regierungs-Krise: Ampel vor der Zerreißprobe?;"Seit zwei Wochen weiß die Bundesregierung: Der Haushalt hat ein riesiges Loch. Warum wirken alle immer noch so überrumpelt? Reichen neue Tricks fürs Schuldenmachen oder muss eisern gespart werden? Was hält die Ampel noch zusammen, außer der Angst vor Neuwahlen?
 |";Ralph Brinkhaus,Henrike Roßbach,Wolfgang Weber,Konstantin Kuhle,Ralf Stegner
hart_aber_fair;20.11.2023;Der 60 Milliarden-Rumms: Geht der Ampel die Kohle aus?;"Das Bundesverfassungsgericht sperrt 60 Milliarden für den Ampelhaushalt: Wo will die Regierung so viel Geld einsparen? Geht jetzt der Streit um mehr Schulden oder höhere Steuern los?  Und was bleibt von Reformen und Öko-Umbau, von Fördergeld für E-Autos und neue Heizungen?
 |";Katharina Dröge,Jens Südekum,Serap Güler,Linda Teuteberg,Kevin Kühnert,Kristina Dunz
hart_aber_fair;13.11.2023;Löhne hoch, Arbeitszeit runter: Keinen Bock mehr auf Leistung?;"Die Wirtschaft schrumpft, die Ansprüche der Beschäftigten steigen. Kräftige Lohnerhöhungen, die 4-Tage Woche: alles zurecht? Oder zuviel Anspruch bei weniger Leistungswille? Dann noch höheres Bürgergeld, steigende Mindestlöhne: Können wir uns das alles leisten?
 |";Christiane Benner,Hendrik Ambrus,Michael Hüther,Hubertus Heil,Ronja Ebeling
hart_aber_fair;06.11.2023;Kanzler im Abschiebemodus: Hilft das den Kommunen wirklich?;"Der Bundeskanzler verspricht eine Wende beim Thema Migration: Wird jetzt wirklich bald im großen Stil abgeschoben? Reicht das, um die hohen Flüchtlingszahlen zu drücken? Müssen Flüchtlinge schneller in Arbeit, Sozialleistungen gekürzt, Europas Grenzen wehrhafter werden?
 |";Dr. Christian Stäblein,Dirk Wiese,Thorsten Frei,Hadija Haruna-Oelker,Jens-Marco Scherf
hart_aber_fair;30.10.2023;Der Weg der Gewalt: Kann das Sterben in Nahost gestoppt werden?;"Israels Dilemma: Den Terror der Hamas mit einer Offensive in Gaza beantworten? Oder verhandeln, Geiseln retten, einen Mehrfronten-Krieg und den Tod vieler Zivilisten vermeiden? Aber beugt sich das Land dann so seinen Feinden? Und stehen die Verbündeten wirklich treu zu Israel? [Zweite Fassung]
 |";Gerhart Baum,Aref Hajjaj,Prof. Peter Neumann,Shimon Stein,Lamya Kaddor
hart_aber_fair;23.10.2023;Erst Terror, bald Krieg: Keine Chancen auf Frieden im Nahen Osten?;"Nach dem Terrorüberfall der Hamas auf Israel: Steht die Region jetzt am Rande eines großen Krieges? Was bedeutet das für Deutschlands Solidarität mit Israel? Und wie kann verhindert werden, dass Hass und Gewalt gegen Juden auf Deutschlands Straßen weiter zunehmen?
 |";Mariam Lau,Jouanna Hassoun,Omid Nouripour,Dr. Guido Steinberg,Michel Friedman
hart_aber_fair;25.09.2023;Vorurteile West und Dauerfrust Ost: Kaum Chance für deutsche Einigkeit?;"Die Doku ""Hört uns zu"" zeigt große Unterschiede im Denken Ost und West. Ist das nur ein Problem in den Köpfen, unterschiedlich bei Alt und Jung? Oder hat sich der Ostfrust so verfestigt, weil auch in Wirtschaft und Alltag die Ungleichheit bleibt? Wird der Graben sogar tiefer, weil in der Politik die Spalter lauter werden? Die Diskussion nach der Dokumentation zum Thema.
 |";Tino Chrupalla,Mario Voigt,Ann-Katrin Müller,Katrin Göring-Eckardt,Anne Hähnig
hart_aber_fair;18.09.2023;Melonis Italien: Wie gefährlich ist der Rechtsruck für Deutschland und Europa?;"Italien wird rechtsnational regiert: Wie hat sich das Land dadurch verändert? Warum sind Rechtspopulisten in Italien auf dem Vormarsch - und auch in vielen anderen europäischen Ländern? Weil Brüssel keine Antwort auf die Flüchtlingsfrage findet? Was bedeutet diese Entwicklung für die EU ein Jahr vor der Europa-Wahl? Die Diskussion nach der Dokumentation zum Thema.
 |";Ulrich Reitz,Ingo Zamperoni,Katarina Barley,Prof. Dr. Thomas Biebricher,Monika Hohlmeier
hart_aber_fair;11.09.2023;Schwierige Halbzeitbilanz: Verliert sich die Ampel im Dauerstreit?;"Die Bundesregierung hat die erste Halbzeit nur mit Ach und Krach geschafft: Ist das Drei-Parteien-Bündnis eigentlich schon jetzt am Ende? Wird zu viel gefoult, zu wenig geführt? Haben Krieg und Klimakrise die Ampel überfordert?
 |";Prof. Dr. Ursula Münch,Ralph Brinkhaus,Michael Kellner,Stephan Lamby,Christian Dürr
hart_aber_fair;04.09.2023;Zu spät, zu schlecht, zu teuer: Warum ist die Bahn so kaputt?;"Die Bahn soll das Verkehrsmittel einer klimafreundlichen Zukunft werden. Warum leidet sie dann immer noch an Fehlern der Vergangenheit? Helfen einzelne Reformen, viele Milliarden? Oder braucht es einen kompletten Neustart?
 |";Fatma Mittler-Solak,Berthold Huber,Michael Theurer,Prof. Dr. Christian Böttger,Sarah Bosetti
hart_aber_fair;28.08.2023;Einigung bei der Kindergrundsicherung: Mauer Kompromiss oder wirklicher Fortschritt?;"Nach der Nachtsitzung im Kanzleramt: Hat die Ampel nur sich selbst gerettet oder hilft der Last-Minute-Kompromiss auch armen Familien? Was stärkt die Aufstiegschancen benachteiligter Kinder: Mehr Geld direkt aufs Konto der Eltern oder für eine bessere Förderung in Schulen und Kitas?
 |";Ricarda Lang,Heinz Hilgers,Prof. Dr. Stefan Kooths,Anna Mayr,Serap Güler
hart_aber_fair;21.08.2023;Die Wirtschaft lahmt: Wie wird Deutschland wieder Spitze?;"In vielen Ländern geht es bergauf, aber Deutschlands Wirtschaft kriselt. Ist der Standort wirklich so schlecht, wie Wirtschaftsbosse und Experten sagen? Was hilft: Billigstrom für die Industrie? Steuern runter für Unternehmen? Oder etwas Geduld, weil das Land doch besser ist als sein Ruf?
 |";Johannes Vogel,Caterina Künne,Jens Spahn,Christian Kullmann,Katharina Dröge,Jens Südekum
hart_aber_fair;14.08.2023;Neue Härte: Kommt die Wende in der Asylpolitik?;"Die Zahl der Flüchtlinge steigt, der Ton in der Politik wird rauer. Asylverfahren nur noch außerhalb der EU? Clanmitglieder abschieben, auch ohne Vorstrafe? Was bringen solche Vorschläge? Was wird aus einer Gesellschaft, die auf Abschottung setzt und Menschenrechte in Frage stellt?
 |";Ruud Koopmans,Prof. Lars Castellucci,Thorsten Frei,Wiebke Judith,Cansin Köktürk
maischberger;14.02.2024 ;;Streit um Klinikreform:, Krieg in der Ukraine und Putin-Interview: Im Gespräch der CNN-Kriegsreporter , Es kommentieren: Der Kabarettist , „maischberger“ ist eine Gemeinschaftsproduktion der ARD, hergestellt vom WDR in Zusammenarbeit mit Vincent productions GmbH.;Karl Lauterbach,Uwe Janssens,Frederik Pleitgen,Boris Bondarew,Helene Bubrowski,Nikolaus Blome
maischberger;13.02.2024 ;;Wirtschaft im Krisenmodus & Ukraine unter Druck: Es, Neuer Wettlauf zum Mond:, Es kommentieren die ARD-Börsenexpertin , „maischberger“ ist eine Gemeinschaftsproduktion der ARD, hergestellt vom WDR in Zusammenarbeit mit Vincent productions GmbH.;Ralf Stegner,Serap Güler,Matthias Maurer,Anja Kohl,Stefan Aust,Kristina Dunz
maischberger;- ARD | Das Erst;;Wie gerecht ist die Ampel-Politik? Darüber diskutieren der FDP-Fraktionsvorsitzende , Wie umgehen mit einem Trump-Comeback und den Kriegen weltweit? Im Studio der ehemalige Diplomat und Leiter der Münchner Sicherheitskonferenz , Kommentatoren: Der langjährige Leiter des ZDF-Hauptstadtstudios , „maischberger“ ist eine Gemeinschaftsproduktion der ARD, hergestellt vom WDR in Zusammenarbeit mit Vincent productions GmbH.;Gregor Gysi,Christian Dürr,Christoph Heusgen,Theo Koll,Luisa Thomé,Susanne Gaschke
maischberger;24.01.2024 ;;Die Ampel im Dauerstreit: Im Studio SPD-Generalsekretär , Deutschland inmitten von Krisen und Konflikten: Im Gespräch der langjährige Vorsitzende der Münchner Sicherheitskonferenz, Es kommentieren der Journalist und Moderator , „maischberger“ ist eine Gemeinschaftsproduktion der ARD, hergestellt vom WDR in Zusammenarbeit mit Vincent productions GmbH.;Kevin Kühnert,Thorsten Frei,Wolfgang Ischinger,Cherno Jobatey,Ulrike Herrmann, Wolfram Weimer
maischberger;23.01.2024 ;;Bauernproteste gehen weiter: Im Gespräch der Bundesminister für Ernährung und Landwirtschaft , Hunderttausende demonstrieren gegen rechts: Im Studio der Partei- und Fraktionsvorsitzende der AfD , Kommentatoren:Der Schauspieler , „maischberger“ ist eine Gemeinschaftsproduktion der ARD, hergestellt vom WDR in Zusammenarbeit mit Vincent productions GmbH.;Cem Özdemir,Tino Chrupalla,Olaf Sundermeyer,Walter Sittler,Sonja Zekri,Martin Machowecz
maischberger;17.01.2024 ;;Ampel unter Druck:, Vorwahlsieg für Trump in Iowa: Es diskutieren die FDP-Spitzenkandidatin für die Europawahl , Es kommentieren der Comedian und Schauspieler , „maischberger“ ist eine Gemeinschaftsproduktion der ARD, hergestellt vom WDR in Zusammenarbeit mit Vincent productions GmbH.;Peer Steinbrück,Marie-Agnes Strack-Zimmermann,George Weinberg,Oliver Kalkofe,Anna Mayr
maischberger;16.01.24 ;;Kritik an der Ampel und an der Strategie der Union: Im Studio der schleswig-holsteinische Ministerpräsident, Krieg in der Ukraine und Nahost:, Es kommentieren der langjährige Autor und Kolumnist , „maischberger“ ist eine Gemeinschaftsproduktion der ARD, hergestellt vom WDR in Zusammenarbeit mit Vincent productions GmbH.;Daniel Günther,Carlo Masala,Janine Wissler,Waldemar Hartmann,Yasmine M‘Barek,Gregor Peter Schmitz
maischberger;10.01.2024 ;;Kein Ende beim Streit ums Geld: Im Studio Bundesfinanzminister und FDP-Parteichef , Krieg in der Ukraine: Im Gespräch CDU-Außenpolitiker , Es erklären, kommentieren und diskutieren der Focus-Gründer und langjährige FDP-Politiker , „maischberger“ ist eine Gemeinschaftsproduktion der ARD, hergestellt vom WDR in Zusammenarbeit mit Vincent productions GmbH.;Christian Lindner,Roderich Kiesewetter,Klaus Ernst,Helmut Markwort,Melanie Amann,Jagoda Marinić
maischberger;09.01.2024 ;;Massive Bauernproteste gegen die Ampelregierung: Im Streitgespräch der Parteivorsitzende der Grünen , Terror und Krieg in Nahost und der Ukraine: Im Gespräch der ehemalige SPD-Parteivorsitzende und Bundesaußenminister a.D. , Es erklären, kommentieren und diskutieren die Moderatorin von RTL Aktuell und RTL Direkt , „maischberger“ ist eine Gemeinschaftsproduktion der ARD, hergestellt vom WDR in Zusammenarbeit mit Vincent productions GmbH.;Omid Nouripour,Hubert Aiwanger,Sigmar Gabriel,Pinar Atalay,Kerstin Palzer,Sergej Lochthofen
maischberger;06.12.2023 ;;Heftiger Streit ums Geld: Die Ampelkoalition ringt um den Haushalt 2024. Die Fronten zwischen SPD, Grünen und FDP sind verhärtet, eine Lösung nicht in Sicht. Findet die Bundesregierung einen Ausweg aus ihrer bislang größten Krise? Im Studio SPD-Parteichef , Krieg in der Ukraine: Das Land steht vor dem nächsten Kriegswinter. Die Offensive stockt und Präsident Wolodymyr Selenskyj steht in der Kritik. Wird die Ukraine kriegsmüde? Wie ist die Lage an der Front? Droht ein Ende der westlichen Finanz- und Militärhilfen? Im Gespräch der CNN-Kriegsreporter , Es erklären, kommentieren und diskutieren der Comedian und Schauspieler , „maischberger“ ist eine Gemeinschaftsproduktion der ARD, hergestellt vom WDR in Zusammenarbeit mit Vincent productions GmbH.;Die Ampel ringt um den Haushalt 2024 Die Fronten zwischen SPD,Grünen,FDP sind verhärtet,eine Lösung nicht in Sicht Findet die Bundesregierung einen Ausweg aus ihrer bislang größten Krise? Im Studio SPD-Parteichef Lars Klingbeil
markus_lanz;20. Juni 2024;;;Herbert Reul,Thomas Hitzlsperger,Katja Kraus,Philipp Köster
markus_lanz;20. Juni 2024;;;Herbert Reul,Thomas Hitzlsperger,Katja Kraus,Philipp Köster
markus_lanz;19. Juni 2024;;;Markus Söder,Marcel Reif,Lena Cassel,Dietmar Hamann
markus_lanz;18. Juni 2024;;;Hans Uszkoreit,Sascha Lobo,Silke Müller,Florian Fabrici
markus_lanz;13. Juni 2024;;;Saskia Esken,Michael Bröcker,Rüdiger von Fritsch,Simon Schnetzer,Britta Hilper
markus_lanz;12. Juni 2024;;;Manfred Weber,Ulrike Herrmann,Herfried Münkler,Ulf Röller
markus_lanz;11. Juni 2024;;;Anton Hofreiter,Eva Quadbeck,Martin Machowecz,Thomas Walde,a.D. Wolfgang Richter
markus_lanz;Markus Lanz: Ukraine – Leben mit dem Krieg;;;Angriff der russischen Streitkräfte am 24. Februar 2022 veränderte das Leben der Ukrainerinnen,in allen nur erdenklichen Bereichen.
maischberger;12.06.2024 ;;Selenskyj in Berlin: Unterstützt Deutschland die Ukraine ausreichend? Darüber diskutieren die Vorsitzende des BSW Sahra Wagenknecht und die deutsch-ukrainische Publizistin und Grünen-Mitglied Marina Weisband., Europawahl-Debakel: Welche Konsequenzen zieht die Kanzlerpartei? Im Gespräch der langjährige Regierende Bürgermeister von Berlin Klaus Wowereit (SPD)., Es kommentieren: der Moderator und Sportjournalist Waldemar Hartmann, die Korrespondentin im ARD-Hauptstadtstudio Julie Kurz und der Ukraine-Korrespondent der ARD Vassili Golod., „maischberger“ ist eine Gemeinschaftsproduktion der ARD, hergestellt vom WDR in Zusammenarbeit mit Vincent productions GmbH.;Sahra Wagenknecht,Marina Weisband,(Publizistin,Klaus Wowereit,(SPD,) Waldemar Hartmann,Julie Kurz,Vassili Golod
maischberger;11.06.2024 ;;Ergebnisse der Europawahl: Im Gespräch Bundespräsident a.D. Christian Wulff., Debatte um Abschiebungen: Darüber diskutieren Tübingens Oberbürgermeister Boris Palmer (parteilos) und die Vorsitzende der Linken Janine Wissler., Es kommentieren: Der Journalist und Publizist Sergej Lochthofen, die ARD-Moderatorin Anna Planken und der Leiter des Politikressorts von RTL/n-tv Nikolaus Blome., „maischberger“ ist eine Gemeinschaftsproduktion der ARD, hergestellt vom WDR in Zusammenarbeit mit Vincent productions GmbH.;Mit Christian Wulff,Boris Palmer,parteilos,Janine Wissler,Die Linke,Sergej Lochthofen,Anna Planken
maischberger;05.06.2024 ;;Streit um den Haushalt 2025: Im Studio Bundesfinanzminister Christian Lindner (FDP)., Europa vor der Wahl: Im Gespräch der ehemalige grüne Europa-Abgeordnete Daniel Cohn-Bendit und der Leiter des ARD-Hauptstadtstudios Markus Preiß.  , Es kommentieren: der Moderator und TV-Produzent Hubertus Meyer-Burckhardt, die F.A.Z.-Wirtschaftskorrespondentin Julia Löhr und die Wirtschaftskorrespondentin der taz Ulrike Herrmann., „maischberger“ ist eine Gemeinschaftsproduktion der ARD, hergestellt vom WDR in Zusammenarbeit mit Vincent productions GmbH.;Christian Lindner,Daniel Cohn-Bendit,Markus Preiß,Hubertus Meyer-Burckhardt,Julia Löhr,Ulrike Herrmann
maischberger;04.06.2024 ;;Schwindet die Akzeptanz für grüne Politik? Im Studio die Staatsministerin für Kultur und Medien Claudia Roth (B‘90/Grüne)., Welche Folgen hat der Schuldspruch gegen Trump für die US-Wahl? Zu Gast im Studio der ehemalige USA-Korrespondent und Moderator Claus Kleber., Es kommentieren: der langjährige Leiter des ZDF-Hauptstadtstudios Theo Koll, die Korrespondentin im ARD-Hauptstadtstudio Iris Sayram und der Politik-Redakteur der Neuen Zürcher Zeitung Alexander Kissler., „maischberger“ ist eine Gemeinschaftsproduktion der ARD, hergestellt vom WDR in Zusammenarbeit mit Vincent productions GmbH.;Mit Claudia Roth,Claus Kleber,Theo Koll,Iris Sayram,Alexander Kissler
maischberger;29.05.2024 ;;Debatte um Einsatz westlicher Waffen in Russland: Darüber diskutieren der CDU-Außenpolitiker Norbert Röttgen und Amira Mohamed Ali, Vorsitzende des Bündnis Sahra Wagenknecht (BSW)., <br/>, <br/>, <br/>;Norbert Röttgen,CDU,Amira Mohamed Ali,BSW,Hans-Olaf Henkel,Cherno Jobatey,Jagoda Marinić,Michael Bröcker
maischberger;28.05.2024 ;;Wann fährt die Bahn wieder pünktlich? Wie gelingt die Verkehrswende? Im Studio der Bundesminister für Digitales und Verkehr Volker Wissing (FDP)., Russlands Offensive in der Ukraine und die Rolle Deutschlands in Europa: Im Gespräch der ehemalige Bundesaußenminister und SPD-Parteivorsitzende Sigmar Gabriel und – zugeschaltet – der Bürgermeister von Kiew Vitali Klitschko., Es kommentieren: Die Leiterin des ARD-Hauptstadtstudios Tina Hassel, der Chefredakteur des Stern Gregor Peter Schmitz und die Autorin der Neuen Zürcher Zeitung Susanne Gaschke., „maischberger“ ist eine Gemeinschaftsproduktion der ARD, hergestellt vom WDR in Zusammenarbeit mit Vincent productions GmbH.;Volker Wissing,Sigmar Gabriel,Vitali Klitschko,Tina Hassel,Gregor Peter Schmitz,Susanne Gaschke
maischberger;15.05.2024 ;;Streit um Sozialleistungen und Angriffe auf die Demokratie: Es diskutieren der Parteivorsitzende der SPD , Politische Bilanz und Zukunft der Grünen: Im Gespräch der ehemalige Bundesumweltminister und langjährige Fraktionsvorsitzende der Grünen, , Es kommentieren die langjährige Moderatorin der ZDF-heute-Nachrichten, „maischberger“ ist eine Gemeinschaftsproduktion der ARD, hergestellt vom WDR in Zusammenarbeit mit Vincent productions GmbH.;Lars Klingbeil,Ilse Aigner,Jürgen Trittin,Petra Gerster,Gabor Steingart,Anja Maier
maischberger;14.05.2024 ;;Überlebenskampf nach Attentat und Sorge vor Trump-Comeback: Im Studio der Schriftsteller , <br/>, <br/>, <br/>;Salman Rushdie,Jens Spahn,Konstantin Kuhle,Anja Kohl,Kai Diekmann,Sonja Zekri
maischberger;08.05.2024 ;;Radikalisierung in Deutschland und Unterstützung für die Ukraine: Im Gespräch Bundesinnenminister a.D. , Wirtschaftsflaute und Energiewende in Deutschland: Es diskutieren der bayerische Wirtschaftsminister und Vorsitzende der Freien Wähler , Es kommentieren: Der Sportjournalist , „maischberger“ ist eine Gemeinschaftsproduktion der ARD, hergestellt vom WDR in Zusammenarbeit mit Vincent productions GmbH.;Gerhart Baum,Hubert Aiwanger,Tarek Al-Wazir,Béla Réthy,Yasmine M’Barek,Dagmar Rosenfeld
maischberger;07.05.2024 ;;Angriffe auf Politiker und Landtagswahlen im Osten: Im Gespräch der ehemalige Verteidigungs- und Innenminister , Einsparungen beim Bundeshaushalt und Waffenlieferungen für die Ukraine: Darüber diskutieren der FDP-Fraktionschef , Es kommentieren: Die Moderatorin und Journalistin , „maischberger“ ist eine Gemeinschaftsproduktion der ARD, hergestellt vom WDR in Zusammenarbeit mit Vincent productions GmbH.;Die Gäste: Thomas de Maizière,Christian Dürr,Dietmar Bartsch,Bettina Böttinger,Ulrike Herrmann,Sigmund Gottlieb
maischberger;30.04.2024 ;;FDP provoziert Koalitionspartner: Wollen die Liberalen das Ampel-Aus? Im Gespräch die ehemalige Bundesjustizministerin , Russland meldet Militärerfolge: Kann die Ukraine standhalten? Im Gespräch die Forschungsgruppenleiterin der Stiftung Wissenschaft und Politik , Es kommentieren: Der Tagesschau-Sprecher , „maischberger“ ist eine Gemeinschaftsproduktion der ARD, hergestellt vom WDR in Zusammenarbeit mit Vincent productions GmbH.;Sabine Leutheusser-Schnarrenberger,Claudia Major,Vassili Golod,Constantin Schreiber,Kristina Dunz,Tilo Jung
maischberger;24.04.2024 ;;Wie wird die Bundeswehr kriegstüchtig? Im Studio Bundesverteidigungsminister , Wohin steuern die USA unter einem möglichen Präsidenten Trump? Im Gespräch der USA-Korrespondent , Es kommentieren: Der Kabarettist , „maischberger“ ist eine Gemeinschaftsproduktion der ARD, hergestellt vom WDR in Zusammenarbeit mit Vincent productions GmbH.;Boris Pistorius,SPD,Elmar Theveßen,Urban Priol,Stephan Stuchlik
maischberger;23.04.2024 ;;Ampelstreit um Sozialleistungen: Auf welche Reformen setzt die CDU? Darüber diskutieren , Wandel durch Handel: Ist Deutschlands langjähriges Konzept gescheitert?, Es kommentieren die Moderatorin von RTL Aktuell und RTL Direkt , „maischberger“ ist eine Gemeinschaftsproduktion der ARD, hergestellt vom WDR in Zusammenarbeit mit Vincent productions GmbH.;Ralf Stegner,Philipp Amthor,Mathias Döpfner,Pinar Atalay,Florian Schroeder,Christoph Schwennicke
maischberger;22.04.2024 ;;Überfordert die Ampel-Koalition das Land? Darüber diskutieren der stellvertretende FDP-Parteivorsitzende , USA, China, Ukraine: Wie sollte Deutschland seine Außenpolitik ausrichten? Im Studio der ehemalige Bundesverteidigungsminister , Es kommentieren der ehemalige Tagesthemen-Moderator und Autor , „maischberger“ ist eine Gemeinschaftsproduktion der ARD, hergestellt vom WDR in Zusammenarbeit mit Vincent productions GmbH.;Wolfgang Kubicki,Svenja Appuhn,Karl-Theodor zu Guttenberg,Ulrich Wickert,Melanie Amann,Michael Bröcker
maischberger;17.04.2024 ;;Welche Rolle spielt Deutschland bei der Verteidigung der Ukraine? Im Studio die Vorsitzende der SPD-Grundwertekommission , Wie abhängig ist die deutsche Wirtschaft von China? Im Gespräch der ehemalige Spitzenmanager , Es kommentieren: Der Schauspieler , „maischberger“ ist eine Gemeinschaftsproduktion der ARD, hergestellt vom WDR in Zusammenarbeit mit Vincent productions GmbH.;Gesine Schwan,SPD,Roderich Kiesewetter,CDU,Heinrich von Pierer,Hannes Jaenicke,Hannah Bethke,Matthias Deiß
maischberger;16.04.2024 ;;Krieg in Nahost und in der Ukraine, der Kanzler in China: Im Gespräch der langjährige Vorsitzende der Münchner Sicherheitskonferenz und ehemalige Diplomat ,  Ex-SPD-Chef über Krisen, Erfolge und das Älterwerden: Im Studio , Es kommentieren: Der Rocksänger und Liedermacher , „maischberger“ ist eine Gemeinschaftsproduktion der ARD, hergestellt vom WDR in Zusammenarbeit mit Vincent productions GmbH.;Wolfgang Ischinger,Frederik Pleitgen,Franz Müntefering,Heinz Rudolf Kunze,Helene Bubrowski,Khesrau Behroz
maischberger;15.04.2024 ;;"Welche Folgen hat Irans Angriff auf Israel? Im Gespräch der Vorsitzende des Auswärtigen Ausschusses , Lässt sich ein Frieden im Ukraine-Krieg verhandeln? Darüber diskutieren die Vorsitzende des ""Bündnis Sahra Wagenknecht"" , Es kommentieren: Der Journalist und Moderator , „maischberger“ ist eine Gemeinschaftsproduktion der ARD, hergestellt vom WDR in Zusammenarbeit mit Vincent productions GmbH.";Michael Roth,Kristin Helberg,Sahra Wagenknecht,Katrin Göring-Eckardt,Marcel Reif,Kerstin Palzer,Claus Strunz
maischberger;10.04.2024 ;;Wie wehrhaft ist unsere Demokratie? Im Studio die Bundestagspräsidentin , Streit über Bürgergeld und Kindergrundsicherung: Es diskutieren die wirtschaftspolitische Sprecherin der Unions-Fraktion im Deutschen Bundestag , Es kommentieren der TV-Moderator , „maischberger“ ist eine Gemeinschaftsproduktion der ARD, hergestellt vom WDR in Zusammenarbeit mit Vincent productions GmbH.;Bärbel Bas,Andreas Audretsch,Julia Klöckner,Tina Hassel,Micky Beisenherz,Wolfram Weimer
maischberger;09.04.2024 ;;Krieg in der Ukraine und in Nahost: Es diskutieren die FDP-Verteidigungspolitikerin , Deutsche Wirtschaft in der Krise:, Es kommentieren der langjährige Leiter des ZDF-Hauptstadtstudios , „maischberger“ ist eine Gemeinschaftsproduktion der ARD, hergestellt vom WDR in Zusammenarbeit mit Vincent productions GmbH.;Marie-Agnes Strack-Zimmermann,Gregor Gysi,Claus Ruhe Madsen,Theo Koll,Alev Doğan,Susanne Gaschke
maischberger;08.04.2024 ;;Kritik an der Ampel und bayerische Außenpolitik: Im Studio der Ministerpräsident von Bayern , Medizin der Zukunft: Im Gespräch der Arzt und Wissenschaftsjournalist , Es kommentieren: Der Fernsehmoderator , „maischberger“ ist eine Gemeinschaftsproduktion der ARD, hergestellt vom WDR in Zusammenarbeit mit Vincent productions GmbH.,  ;Arzt,Wissenschaftsjournalist Eckart von Hirschhausen,Fernsehmoderator Jörg Pilawa,Dagmar Rosenfeld,Markus Feldenkirchen
maischberger;20.03.2024 ;;Ist der Sozialstaat in Gefahr? Darüber diskutieren der Generalsekretär der SPD , Deutschland im Krisenmodus? Im Gespräch der Kabarettist und Satiriker , Es kommentieren die Autorin und Journalistin , „maischberger“ ist eine Gemeinschaftsproduktion der ARD, hergestellt vom WDR in Zusammenarbeit mit Vincent productions GmbH.;Kevin Kühnert,Jens Spahn,Dieter Nuhr,Amelie Fried,Gudrun Engel
maischberger;- ARD | Das Erst;;Klimaschutz, Migration, Wirtschaft – Regierung und Union im Dauerstreit? Im Studio die Bundesumweltministerin , Fünfte Amtszeit für Putin – die Scheinwahl in Russland: Im Gespräch der langjährige deutsche Botschafter in Russland , Es kommntieren der Schauspieler , „maischberger“ ist eine Gemeinschaftsproduktion der ARD, hergestellt vom WDR in Zusammenarbeit mit Vincent productions GmbH.;Steffi Lemke,Alexander Dobrindt,Rüdiger von Fritsch,Walter Sittler,Kristina Dunz,Christoph Schwennicke
maischberger;13.03.2024 ;;Zusammenhalt der Gesellschaft und Umgang mit der AfD: Im Studio der Außenpolitiker und ehemalige CDU-Parteivorsitzende , Schilderung aus dem Kriegsalltag und Lage an der Front: Im Gespräch die ZDF-Kriegsreporterin , Es kommentieren die, „maischberger“ ist eine Gemeinschaftsproduktion der ARD, hergestellt vom WDR in Zusammenarbeit mit Vincent productions GmbH.;Armin Laschet,Katrin Eigendorf,Anna Zaitseva,Petra Gerster,Robin Alexander,Lars Sänger
maischberger;12.03.2024 ;;Kürzungen im Sozialbereich? Im Duell der stellvertretende Fraktionsvorsitzende der FDP , Wirtschaft in der Krise: Im Gespräch der langjährige Vorstandsvorsitzende der Deutschen Bank , Es kommentieren der ehemalige CDU-Innenpolitiker und Autor , „maischberger“ ist eine Gemeinschaftsproduktion der ARD, hergestellt vom WDR in Zusammenarbeit mit Vincent productions GmbH.;Konstantin Kuhle,Dietmar Bartsch,Josef Ackermann,Wolfgang Bosbach,Kerstin Palzer,Maria Fiedler
maischberger;06.03.2024 ;;Aggressive Proteste gegen Grüne und die Ampel im Dauerstreit: Im Gespräch die Parteivorsitzende der Grünen , Abhörskandal der Bundeswehr und seine Folgen:, Es erklären, kommentieren und diskutieren der Moderator der heute-show , „maischberger“ ist eine Gemeinschaftsproduktion der ARD, hergestellt vom WDR in Zusammenarbeit mit Vincent productions GmbH.;Ricarda Lang,Ralf Stegner,Norbert Röttgen,Oliver Welke,Hannah Bethke,Markus Feldenkirchen
maischberger;05.03.2024 ;;Wirtschaft, Migration, Ukraine – Union erhöht Druck auf Ampel: Im Studio der Ministerpräsident von Nordrhein-Westfalen , Musiklegende über Erfolge und Krisen: Zu Gast der Sänger und Entertainer , Es erklären, kommentieren und diskutieren der Kabarettist , „maischberger“ ist eine Gemeinschaftsproduktion der ARD, hergestellt vom WDR in Zusammenarbeit mit Vincent productions GmbH.;Hendrik Wüst,Howard Carpendale,Jürgen Becker,Yasmine M'Barek,Michael Bröcker
maischberger;28.02.2024 ;;Streit um die Wirtschaftspolitik: Es diskutieren die Ministerpräsidentin von Rheinland-Pfalz , <br/>, Es kommentieren der Moderator und TV-Produzent , „maischberger“ ist eine Gemeinschaftsproduktion der ARD, hergestellt vom WDR in Zusammenarbeit mit Vincent productions GmbH.;Malu Dreyer,Markus Blume,John Bolton,Cathryn Clüver Ashbrook,Hubertus Meyer-Burckhardt,Alev Doğan,Markus Preiß
maischberger;27.02.2024 ;;Zwei Jahre russischer Angriffskrieg auf die Ukraine: Im Studio der ehemalige Box-Weltmeister, Streit in der Ampel und Kritik in der EU wegen FDP-Blockade: Im Studio der Bundesminister für Justiz , Es kommentieren der langjährige Leiter des ZDF-Hauptstadtstudios , „maischberger“ ist eine Gemeinschaftsproduktion der ARD, hergestellt vom WDR in Zusammenarbeit mit Vincent productions GmbH.;Wladimir Klitschko,Marco Buschmann,Theo Koll,Dagmar Rosenfeld,Julie Kurz
maischberger;21.02.2024 ;;Hohe Sozialausgaben bei schwächelnder Wirtschaft: Im Studio Bundesarbeitsminister , Russische Militärerfolge im Osten der Ukraine: Darüber sprechen die Forschungsgruppenleiterin der Stiftung Wissenschaft und Politik , Es kommentieren der Tagesschau-Sprecher , „maischberger“ ist eine Gemeinschaftsproduktion der ARD, hergestellt vom WDR in Zusammenarbeit mit Vincent productions GmbH.;Hubertus Heil,Claudia Major,Mary Elise Sarotte,Constantin Schreiber,Jagoda Marinić,Gabor Steingart
maischberger;20.02.2024 ;;Tod des russischen Oppositionellen Alexej Nawalny: Im Gespräch , Scholz wirbt um mehr Militär-Unterstützung für die Ukraine:, Es kommentieren: Der Spitzenkoch und TV-Moderator , „maischberger“ ist eine Gemeinschaftsproduktion der ARD, hergestellt vom WDR in Zusammenarbeit mit Vincent productions GmbH.;Irina Scherbakowa,Thomas Roth,Marie-Agnes Strack-Zimmermann,Amira Mohamed Ali,Christian Rach,Iris Sayram,Paul Ronzheimer
maybrit_illner;;Der Corona-Schock – eine Pandemie und die Folgen - ZDFmediathek;"Überfüllte Intensivstationen, Pflegekräfte am Limit, einsame Senioren, vernachlässigte Schulkinder und eine mit Verboten und Geboten überforderte Gesellschaft. Wer während der Covid-Pandemie hoffte, dass Politiker, Wissenschaftler oder Journalisten seine Angst oder Ratlosigkeit in Sicherheit und Zuversicht verwandeln würden, der musste verzweifeln. Der Streit zwischen ""Team Vorsicht"" und ""Team Freiheit"" hat das Land genauso traumatisiert wie das Coronavirus selbst. Der Vertrauensverlust in Politik, Wissenschaft und Medien - er ist heute noch spürbar. , Hilft eine konsequente Aufarbeitung? Was wurde damals richtig, was falsch entschieden? Hatte die Wissenschaft zu viel oder zu wenig Macht im Pandemiemanagement? War Corona zu groß für 16 deutsche Ministerpräsidenten und das Kanzleramt? Werden Grundrechte wieder das erste Opfer der nächsten Pandemie? Oder ist Deutschland inzwischen besser vorbereitet?";Malu Dreyer,Christian Drosten,Jan Josef Liefers,Georg Mascolo
maybrit_illner;13.06.2024 ;Europa hat gewählt – Kiews Schicksal ungewiss? - ZDFmediathek;Wiederaufbaukonferenz in Berlin, Friedenskonferenz in der Schweiz und überall auch die Bitte um Waffen: Der ukrainische Präsident Selenskyj reist durch Europa - und das ist gespalten. Die Gemeinschaft seiner größten Unterstützer ist nach der Europawahl so mit sich selbst beschäftigt wie lange nicht. Die Erfolge von Rechten und Populisten schwächen die Solidarität mit der Ukraine. Frankreichs Präsident Macron ruft Neuwahlen aus. Friedenskanzler Olaf Scholz wird an der Wahlurne abgestraft. , Ist Russland einer der Gewinner dieser Europawahl? Bröckelt die Unterstützung für die Ukraine? Gibt Europa viel Geld aus, das der Ukraine wenig hilft?;Lars Klingbeil,Norbert Röttgen,Amira Mohamed Ali,Wolfgang Ischinger,Nicole Deitelhoff,Thomas Walde
maybrit_illner;30.05.2024 ;Verteidigung oder Angriff – wie weit darf Kiew gehen? - ZDFmediathek;"Russlands Offensive scheint unaufhaltsam - am Boden und in der Luft. Die Ukraine hat im Moment wenig, um dagegen zu halten. Der Westen gibt sich besorgt und diskutiert dennoch jeden weiteren Schritt: Freigabe westlicher Waffen für Angriffe auf Militär-Einrichtungen in Russland, eine Art Flugverbotszone im Westen der Ukraine, kontrolliert von Nato-Territorium, oder gar Truppen mit besonderen Aufgaben - Bundeskanzler Scholz ist von all dem nicht überzeugt. Seine SPD wirbt bei der Europawahl mit dem Slogan ""Frieden sichern""., Wie soll dieser Frieden aussehen? Wäre es ein Frieden nach Putins Vorstellungen? Redet der deshalb jetzt von einem Waffenstillstand? Was können die Verbündeten tun, um die Lage der Ukraine und ihre Verhandlungsposition zu verbessern?";Roderich Kiesewetter,Sigmar Gabriel,Mychajlo Podoljak,Ben Hodges,Sabine Fischer
maybrit_illner;16.05.2024 ;Protest gegen Israel – was unterscheidet Kritik von Hass? - ZDFmediathek;"Protestcamps an den Universitäten in Deutschland und in den USA, Boykottaufrufe gegen Israel und Demonstrationen beim ""Song Contest"" in Malmö. Nicht nur Menschen mit Wurzeln in arabischen Ländern gehen auf die Straße, auch linke, ""woke"" Jugendliche fordern mehr Solidarität oder gleich ""Freiheit für Palästina"". Oft genug wird dabei zur Vernichtung Israels aufgerufen. Islamistische Gruppierungen nutzen die Trauer über die Opfer im Gaza-Krieg und rekrutieren für ein ""Kalifat"". Hinter den postkolonialen Theorien der Studenten schaut immer wieder der alte, vertraute Antisemitismus hervor. Eine ""unheilvolle Allianz""? , Wann schlägt Kritik an Israels Regierung und ihrer Kriegsführung in Judenhass um? Wird auch berechtigte Kritik in Deutschland unterdrückt? Geht der deutsche Staat mit seiner Unterstützung Israels zu weit? Und steht er damit international bald sehr allein da?";Omid Nouripour,Herbert Reul,Ahmad Mansour,Souad Mekhennet,Ronen Steinke
maybrit_illner;02.05.2024 ;Blockierte Republik – verhindert die Ampel den Aufschwung? - ZDFmediathek;"Der Finanzminister fordert eine komplette ""Wirtschaftswende"", der Wirtschaftsminister ein ""wuchtiges Entlastungspaket"" - allein der Kanzler sieht Deutschland auf einem guten Weg und nimmt die Klagen aus der Wirtschaft nicht ernst. Bei der Diagnose hört aber auch die Einigkeit von Grün und Gelb schon auf. Die einen wollen der Schuldenbremse an den Kragen, die anderen wollen an Bürgergeld, Rente und Kindergrundsicherung ran. Alle drei Ampel-Partner müssen jedenfalls einen verfassungsgemäßen Haushalt für 2025 aufstellen, und da gilt es, große Lücken zu schließen. , Scheitert die Ampel am Geld oder an der Ideologie ihrer Partner? Was würde der Wirtschaft jetzt helfen, wieder zu wachsen? Müssen die Bürger mehr arbeiten? Was kann die Ampel-Regierung dafür tun? Blockiert sie wieder sich selbst und damit einen möglichen Aufschwung?";Christian Lindner,Ricarda Lang,Yasmin Fahimi,Carsten Linnemann,Gabor Steingart
maybrit_illner;25.04.2024 ;Russland, China, Spionage – vertritt die AfD deutsche Interessen? - ZDFmediathek;Sechs Wochen vor der Europa-Wahl hat die AfD ein Problem: Gegen ihre Spitzenkandidaten gibt es Spionage- und Bestechungsvorwürfe. Es geht um Verbindungen nach China und Russland. Die Kontakte der AfD nach Moskau und Peking sind traditionell gut - aber Käuflichkeit und Spionage?, Versucht die AfD die Demokratie nicht nur von innen, sondern auch von außen anzugreifen? Gilt der Patriotismus nicht dem eigenen Land, sondern Autokraten? Überschreitet die Partei damit selbst für die eigene Anhängerschaft rote Linien?;Tino Chrupalla,Armin Laschet,Siegfried Russwurm,Juli Zeh,Melanie Amann
markus_lanz;11. Juni 2024;;;Anton Hofreiter,Eva Quadbeck,Martin Machowecz,Thomas Walde,a.D. Wolfgang Richter
markus_lanz;Markus Lanz: Ukraine – Leben mit dem Krieg;;;Angriff der russischen Streitkräfte am 24. Februar 2022 veränderte das Leben der Ukrainerinnen,in allen nur erdenklichen Bereichen.
markus_lanz;"""Lanz & Precht""";;;profilierte ZDF-Talker,sich kennen,sich schätzen: Markus Lanz,David Precht verabreden sich zum wöchentlichen Gespräch.
markus_lanz;Markus Lanz;;;Talk,Talkshow,Lanz,Gesellschaf
markus_lanz;Ein Herz für Kinder;;;B. Kerner präsentiert die große Spendengal
markus_lanz;Bares für Rares - die Trödel-Show mit Horst Lichter ;;;alter Krimskrams oder edle Rarität: In Horst Lichters Trödel-Show kann jeder seltene Fundstücke aus Keller oder Garage schätzen lassen.
markus_lanz;heute-show - Nachrichtensatire mit Oliver Welke ;;;"Satirisch,witzig,kommentiert Oliver Welke in der ""heute-show"" die aktuellen Fernsehbilder aus Politik,Nachrichtensendungen."
maybrit_illner;13.06.2024 ;Europa hat gewählt – Kiews Schicksal ungewiss? - ZDFmediathek;Wiederaufbaukonferenz in Berlin, Friedenskonferenz in der Schweiz und überall auch die Bitte um Waffen: Der ukrainische Präsident Selenskyj reist durch Europa - und das ist gespalten. Die Gemeinschaft seiner größten Unterstützer ist nach der Europawahl so mit sich selbst beschäftigt wie lange nicht. Die Erfolge von Rechten und Populisten schwächen die Solidarität mit der Ukraine. Frankreichs Präsident Macron ruft Neuwahlen aus. Friedenskanzler Olaf Scholz wird an der Wahlurne abgestraft. , Ist Russland einer der Gewinner dieser Europawahl? Bröckelt die Unterstützung für die Ukraine? Gibt Europa viel Geld aus, das der Ukraine wenig hilft?;Lars Klingbeil,Norbert Röttgen,Amira Mohamed Ali,Wolfgang Ischinger,Nicole Deitelhoff,Thomas Walde
maybrit_illner;;Die Fakten-Box - ZDFmediathek;;
maybrit_illner;13.06.2024 ;Europa hat gewählt – Kiews Schicksal ungewiss? - ZDFmediathek;Wiederaufbaukonferenz in Berlin, Friedenskonferenz in der Schweiz und überall auch die Bitte um Waffen: Der ukrainische Präsident Selenskyj reist durch Europa - und das ist gespalten. Die Gemeinschaft seiner größten Unterstützer ist nach der Europawahl so mit sich selbst beschäftigt wie lange nicht. Die Erfolge von Rechten und Populisten schwächen die Solidarität mit der Ukraine. Frankreichs Präsident Macron ruft Neuwahlen aus. Friedenskanzler Olaf Scholz wird an der Wahlurne abgestraft. , Ist Russland einer der Gewinner dieser Europawahl? Bröckelt die Unterstützung für die Ukraine? Gibt Europa viel Geld aus, das der Ukraine wenig hilft?;Lars Klingbeil,Norbert Röttgen,Amira Mohamed Ali,Wolfgang Ischinger,Nicole Deitelhoff,Thomas Walde
maybrit_illner;;Habeck gegen Merz – was braucht Deutschland jetzt? - ZDFmediathek;"Vizekanzler Robert Habeck (B´90/Die Grünen) und CDU-Vorsitzender Friedrich Merz treffen am Donnerstag, 6. Juni 2024, in der ZDF-Sendung ""maybrit illner"" zum Duell aufeinander: Was braucht Deutschland jetzt? , Wirtschaft, Klimaschutz, Sozialstaat – viele Gesetze, die die Ampel in der Krise beschlossen hat, will die CDU zurücknehmen. Wie groß ist die Kluft zwischen Bundeswirtschaftsminister und Oppositionsführer? Welche Fehler hat die Ampel gemacht? Und welche davor die Große Koalition? Könnten Grüne und CDU tatsächlich im Bund Koalitionspartner werden oder bleiben sie „Hauptgegner“? ";Robert Habeck,Friedrich Merz
maybrit_illner;30.05.2024 ;Verteidigung oder Angriff – wie weit darf Kiew gehen? - ZDFmediathek;"Russlands Offensive scheint unaufhaltsam - am Boden und in der Luft. Die Ukraine hat im Moment wenig, um dagegen zu halten. Der Westen gibt sich besorgt und diskutiert dennoch jeden weiteren Schritt: Freigabe westlicher Waffen für Angriffe auf Militär-Einrichtungen in Russland, eine Art Flugverbotszone im Westen der Ukraine, kontrolliert von Nato-Territorium, oder gar Truppen mit besonderen Aufgaben - Bundeskanzler Scholz ist von all dem nicht überzeugt. Seine SPD wirbt bei der Europawahl mit dem Slogan ""Frieden sichern""., Wie soll dieser Frieden aussehen? Wäre es ein Frieden nach Putins Vorstellungen? Redet der deshalb jetzt von einem Waffenstillstand? Was können die Verbündeten tun, um die Lage der Ukraine und ihre Verhandlungsposition zu verbessern?";Roderich Kiesewetter,Sigmar Gabriel,Mychajlo Podoljak,Ben Hodges,Sabine Fischer
maybrit_illner;16.05.2024 ;Protest gegen Israel – was unterscheidet Kritik von Hass? - ZDFmediathek;"Protestcamps an den Universitäten in Deutschland und in den USA, Boykottaufrufe gegen Israel und Demonstrationen beim ""Song Contest"" in Malmö. Nicht nur Menschen mit Wurzeln in arabischen Ländern gehen auf die Straße, auch linke, ""woke"" Jugendliche fordern mehr Solidarität oder gleich ""Freiheit für Palästina"". Oft genug wird dabei zur Vernichtung Israels aufgerufen. Islamistische Gruppierungen nutzen die Trauer über die Opfer im Gaza-Krieg und rekrutieren für ein ""Kalifat"". Hinter den postkolonialen Theorien der Studenten schaut immer wieder der alte, vertraute Antisemitismus hervor. Eine ""unheilvolle Allianz""? , Wann schlägt Kritik an Israels Regierung und ihrer Kriegsführung in Judenhass um? Wird auch berechtigte Kritik in Deutschland unterdrückt? Geht der deutsche Staat mit seiner Unterstützung Israels zu weit? Und steht er damit international bald sehr allein da?";Omid Nouripour,Herbert Reul,Ahmad Mansour,Souad Mekhennet,Ronen Steinke
maybrit_illner;02.05.2024 ;Blockierte Republik – verhindert die Ampel den Aufschwung? - ZDFmediathek;"Der Finanzminister fordert eine komplette ""Wirtschaftswende"", der Wirtschaftsminister ein ""wuchtiges Entlastungspaket"" - allein der Kanzler sieht Deutschland auf einem guten Weg und nimmt die Klagen aus der Wirtschaft nicht ernst. Bei der Diagnose hört aber auch die Einigkeit von Grün und Gelb schon auf. Die einen wollen der Schuldenbremse an den Kragen, die anderen wollen an Bürgergeld, Rente und Kindergrundsicherung ran. Alle drei Ampel-Partner müssen jedenfalls einen verfassungsgemäßen Haushalt für 2025 aufstellen, und da gilt es, große Lücken zu schließen. , Scheitert die Ampel am Geld oder an der Ideologie ihrer Partner? Was würde der Wirtschaft jetzt helfen, wieder zu wachsen? Müssen die Bürger mehr arbeiten? Was kann die Ampel-Regierung dafür tun? Blockiert sie wieder sich selbst und damit einen möglichen Aufschwung?";Christian Lindner,Ricarda Lang,Yasmin Fahimi,Carsten Linnemann,Gabor Steingart
maybrit_illner;25.04.2024 ;Russland, China, Spionage – vertritt die AfD deutsche Interessen? - ZDFmediathek;Sechs Wochen vor der Europa-Wahl hat die AfD ein Problem: Gegen ihre Spitzenkandidaten gibt es Spionage- und Bestechungsvorwürfe. Es geht um Verbindungen nach China und Russland. Die Kontakte der AfD nach Moskau und Peking sind traditionell gut - aber Käuflichkeit und Spionage?, Versucht die AfD die Demokratie nicht nur von innen, sondern auch von außen anzugreifen? Gilt der Patriotismus nicht dem eigenen Land, sondern Autokraten? Überschreitet die Partei damit selbst für die eigene Anhängerschaft rote Linien?;Tino Chrupalla,Armin Laschet,Siegfried Russwurm,Juli Zeh,Melanie Amann
